LOCATION,Country,VAR,Variable ,TIME,Year,Unit Code,Unit,PowerCode Code,PowerCode,Reference Period Code,Reference Period,Cell,Flag Codes,Flags
AUS,Australia,BBW-P100-STAN,Data and voice mobile broadband subscriptions per 100 inhabitants,2010,2010,100HAB,Per 100 inhabitants,0,Units,,,37.205,,
AUS,Australia,BBW-P100-STAN,Data and voice mobile broadband subscriptions per 100 inhabitants,2011,2011,100HAB,Per 100 inhabitants,0,Units,,,67.995,,
AUS,Australia,BBW-P100-STAN,Data and voice mobile broadband subscriptions per 100 inhabitants,2012,2012,100HAB,Per 100 inhabitants,0,Units,,,76.499,,
AUS,Australia,BBW-P100-STAN,Data and voice mobile broadband subscriptions per 100 inhabitants,2013,2013,100HAB,Per 100 inhabitants,0,Units,,,87.69,,
AUS,Australia,BBW-P100-STAN,Data and voice mobile broadband subscriptions per 100 inhabitants,2014,2014,100HAB,Per 100 inhabitants,0,Units,,,89.591,,
AUS,Australia,BBW-P100-STAN,Data and voice mobile broadband subscriptions per 100 inhabitants,2015,2015,100HAB,Per 100 inhabitants,0,Units,,,101.759,,
AUS,Australia,BBW-P100-STAN,Data and voice mobile broadband subscriptions per 100 inhabitants,2016,2016,100HAB,Per 100 inhabitants,0,Units,,,105.234,,
AUS,Australia,BBW-P100-STAN,Data and voice mobile broadband subscriptions per 100 inhabitants,2017,2017,100HAB,Per 100 inhabitants,0,Units,,,108.523,,
,,,,,,,,,,,,,,
,,,,,,,,,,,,,,
,,,,,,,,,,,,,,
,,,,,,,,,,,,,,
,,,,,,,,,,,,,,
,,,,,,,,,,,,,,
,,,,,,,,,,,,,,
,,,,,,,,,,,,,,
,,,,,,,,,,,,,,
,,,,,,,,,,,,,,
,,,,,,,,,,,,,,
,,,,,,,,,,,,,,
,,,,,,,,,,,,,,
,,,,,,,,,,,,,,
,,,,,,,,,,,,,,
,,,,,,,,,,,,,,
,,,,,,,,,,,,,,
AUT,Austria,BBW-P100-STAN,Data and voice mobile broadband subscriptions per 100 inhabitants,2009,2009,100HAB,Per 100 inhabitants,0,Units,,,2.556,,
AUT,Austria,BBW-P100-STAN,Data and voice mobile broadband subscriptions per 100 inhabitants,2010,2010,100HAB,Per 100 inhabitants,0,Units,,,9.843,,
AUT,Austria,BBW-P100-STAN,Data and voice mobile broadband subscriptions per 100 inhabitants,2011,2011,100HAB,Per 100 inhabitants,0,Units,,,21.378,,
AUT,Austria,BBW-P100-STAN,Data and voice mobile broadband subscriptions per 100 inhabitants,2012,2012,100HAB,Per 100 inhabitants,0,Units,,,31.872,,
AUT,Austria,BBW-P100-STAN,Data and voice mobile broadband subscriptions per 100 inhabitants,2013,2013,100HAB,Per 100 inhabitants,0,Units,,,38.538,,
AUT,Austria,BBW-P100-STAN,Data and voice mobile broadband subscriptions per 100 inhabitants,2014,2014,100HAB,Per 100 inhabitants,0,Units,,,41.65,,
AUT,Austria,BBW-P100-STAN,Data and voice mobile broadband subscriptions per 100 inhabitants,2015,2015,100HAB,Per 100 inhabitants,0,Units,,,44.366,,
AUT,Austria,BBW-P100-STAN,Data and voice mobile broadband subscriptions per 100 inhabitants,2016,2016,100HAB,Per 100 inhabitants,0,Units,,,53.331,,
AUT,Austria,BBW-P100-STAN,Data and voice mobile broadband subscriptions per 100 inhabitants,2017,2017,100HAB,Per 100 inhabitants,0,Units,,,62.177,,
,,,,,,,,,,,,,,
,,,,,,,,,,,,,,
,,,,,,,,,,,,,,
,,,,,,,,,,,,,,
,,,,,,,,,,,,,,
,,,,,,,,,,,,,,
,,,,,,,,,,,,,,
,,,,,,,,,,,,,,
,,,,,,,,,,,,,,
,,,,,,,,,,,,,,
,,,,,,,,,,,,,,
,,,,,,,,,,,,,,
,,,,,,,,,,,,,,
,,,,,,,,,,,,,,
,,,,,,,,,,,,,,
,,,,,,,,,,,,,,
,,,,,,,,,,,,,,
,,,,,,,,,,,,,,
BEL,Belgium,BBW-P100-STAN,Data and voice mobile broadband subscriptions per 100 inhabitants,2009,2009,100HAB,Per 100 inhabitants,0,Units,,,4.003,,
BEL,Belgium,BBW-P100-STAN,Data and voice mobile broadband subscriptions per 100 inhabitants,2010,2010,100HAB,Per 100 inhabitants,0,Units,,,7.274,,
BEL,Belgium,BBW-P100-STAN,Data and voice mobile broadband subscriptions per 100 inhabitants,2011,2011,100HAB,Per 100 inhabitants,0,Units,,,15.626,,
BEL,Belgium,BBW-P100-STAN,Data and voice mobile broadband subscriptions per 100 inhabitants,2012,2012,100HAB,Per 100 inhabitants,0,Units,,,28.6,,
BEL,Belgium,BBW-P100-STAN,Data and voice mobile broadband subscriptions per 100 inhabitants,2013,2013,100HAB,Per 100 inhabitants,0,Units,,,47.2,,
BEL,Belgium,BBW-P100-STAN,Data and voice mobile broadband subscriptions per 100 inhabitants,2014,2014,100HAB,Per 100 inhabitants,0,Units,,,47.769,,
BEL,Belgium,BBW-P100-STAN,Data and voice mobile broadband subscriptions per 100 inhabitants,2015,2015,100HAB,Per 100 inhabitants,0,Units,,,55.941,,
BEL,Belgium,BBW-P100-STAN,Data and voice mobile broadband subscriptions per 100 inhabitants,2016,2016,100HAB,Per 100 inhabitants,0,Units,,,60.821,,
BEL,Belgium,BBW-P100-STAN,Data and voice mobile broadband subscriptions per 100 inhabitants,2017,2017,100HAB,Per 100 inhabitants,0,Units,,,70.502,,
,,,,,,,,,,,,,,
,,,,,,,,,,,,,,
,,,,,,,,,,,,,,
,,,,,,,,,,,,,,
,,,,,,,,,,,,,,
,,,,,,,,,,,,,,
,,,,,,,,,,,,,,
,,,,,,,,,,,,,,
,,,,,,,,,,,,,,
,,,,,,,,,,,,,,
,,,,,,,,,,,,,,
,,,,,,,,,,,,,,
,,,,,,,,,,,,,,
,,,,,,,,,,,,,,
,,,,,,,,,,,,,,
,,,,,,,,,,,,,,
,,,,,,,,,,,,,,
,,,,,,,,,,,,,,
CAN,Canada,BBW-P100-STAN,Data and voice mobile broadband subscriptions per 100 inhabitants,2010,2010,100HAB,Per 100 inhabitants,0,Units,,,26.681,,
CAN,Canada,BBW-P100-STAN,Data and voice mobile broadband subscriptions per 100 inhabitants,2011,2011,100HAB,Per 100 inhabitants,0,Units,,,34.944,,
CAN,Canada,BBW-P100-STAN,Data and voice mobile broadband subscriptions per 100 inhabitants,2012,2012,100HAB,Per 100 inhabitants,0,Units,,,41.355,,
CAN,Canada,BBW-P100-STAN,Data and voice mobile broadband subscriptions per 100 inhabitants,2013,2013,100HAB,Per 100 inhabitants,0,Units,,,47.395,,
CAN,Canada,BBW-P100-STAN,Data and voice mobile broadband subscriptions per 100 inhabitants,2014,2014,100HAB,Per 100 inhabitants,0,Units,,,49.686,,
CAN,Canada,BBW-P100-STAN,Data and voice mobile broadband subscriptions per 100 inhabitants,2015,2015,100HAB,Per 100 inhabitants,0,Units,,,56.377,,
CAN,Canada,BBW-P100-STAN,Data and voice mobile broadband subscriptions per 100 inhabitants,2016,2016,100HAB,Per 100 inhabitants,0,Units,,,63.289,,
CAN,Canada,BBW-P100-STAN,Data and voice mobile broadband subscriptions per 100 inhabitants,2017,2017,100HAB,Per 100 inhabitants,0,Units,,,65.942,,
,,,,,,,,,,,,,,
,,,,,,,,,,,,,,
,,,,,,,,,,,,,,
,,,,,,,,,,,,,,
,,,,,,,,,,,,,,
,,,,,,,,,,,,,,
,,,,,,,,,,,,,,
,,,,,,,,,,,,,,
,,,,,,,,,,,,,,
,,,,,,,,,,,,,,
,,,,,,,,,,,,,,
,,,,,,,,,,,,,,
,,,,,,,,,,,,,,
,,,,,,,,,,,,,,
,,,,,,,,,,,,,,
,,,,,,,,,,,,,,
,,,,,,,,,,,,,,
CHL,Chile,BBW-P100-STAN,Data and voice mobile broadband subscriptions per 100 inhabitants,2009,2009,100HAB,Per 100 inhabitants,0,Units,,,2.241,,
CHL,Chile,BBW-P100-STAN,Data and voice mobile broadband subscriptions per 100 inhabitants,2010,2010,100HAB,Per 100 inhabitants,0,Units,,,4.465,,
CHL,Chile,BBW-P100-STAN,Data and voice mobile broadband subscriptions per 100 inhabitants,2011,2011,100HAB,Per 100 inhabitants,0,Units,,,12.131,,
CHL,Chile,BBW-P100-STAN,Data and voice mobile broadband subscriptions per 100 inhabitants,2012,2012,100HAB,Per 100 inhabitants,0,Units,,,21.514,,
CHL,Chile,BBW-P100-STAN,Data and voice mobile broadband subscriptions per 100 inhabitants,2013,2013,100HAB,Per 100 inhabitants,0,Units,,,30.671,,
CHL,Chile,BBW-P100-STAN,Data and voice mobile broadband subscriptions per 100 inhabitants,2014,2014,100HAB,Per 100 inhabitants,0,Units,,,46.013,,
CHL,Chile,BBW-P100-STAN,Data and voice mobile broadband subscriptions per 100 inhabitants,2015,2015,100HAB,Per 100 inhabitants,0,Units,,,52.781,,
CHL,Chile,BBW-P100-STAN,Data and voice mobile broadband subscriptions per 100 inhabitants,2016,2016,100HAB,Per 100 inhabitants,0,Units,,,66.652,,
CHL,Chile,BBW-P100-STAN,Data and voice mobile broadband subscriptions per 100 inhabitants,2017,2017,100HAB,Per 100 inhabitants,0,Units,,,82.029,,
,,,,,,,,,,,,,,
,,,,,,,,,,,,,,
,,,,,,,,,,,,,,
,,,,,,,,,,,,,,
,,,,,,,,,,,,,,
,,,,,,,,,,,,,,
,,,,,,,,,,,,,,
,,,,,,,,,,,,,,
,,,,,,,,,,,,,,
,,,,,,,,,,,,,,
,,,,,,,,,,,,,,
,,,,,,,,,,,,,,
,,,,,,,,,,,,,,
,,,,,,,,,,,,,,
,,,,,,,,,,,,,,
,,,,,,,,,,,,,,
,,,,,,,,,,,,,,
,,,,,,,,,,,,,,
CZE,Czech Republic,BBW-P100-STAN,Data and voice mobile broadband subscriptions per 100 inhabitants,2011,2011,100HAB,Per 100 inhabitants,0,Units,,,19.756,,
CZE,Czech Republic,BBW-P100-STAN,Data and voice mobile broadband subscriptions per 100 inhabitants,2012,2012,100HAB,Per 100 inhabitants,0,Units,,,17.729,,
CZE,Czech Republic,BBW-P100-STAN,Data and voice mobile broadband subscriptions per 100 inhabitants,2013,2013,100HAB,Per 100 inhabitants,0,Units,,,13.815,,
CZE,Czech Republic,BBW-P100-STAN,Data and voice mobile broadband subscriptions per 100 inhabitants,2014,2014,100HAB,Per 100 inhabitants,0,Units,,,17.405,,
CZE,Czech Republic,BBW-P100-STAN,Data and voice mobile broadband subscriptions per 100 inhabitants,2015,2015,100HAB,Per 100 inhabitants,0,Units,,,65.838,,
CZE,Czech Republic,BBW-P100-STAN,Data and voice mobile broadband subscriptions per 100 inhabitants,2016,2016,100HAB,Per 100 inhabitants,0,Units,,,71.495,,
CZE,Czech Republic,BBW-P100-STAN,Data and voice mobile broadband subscriptions per 100 inhabitants,2017,2017,100HAB,Per 100 inhabitants,0,Units,,,73.17,,
,,,,,,,,,,,,,,
,,,,,,,,,,,,,,
,,,,,,,,,,,,,,
,,,,,,,,,,,,,,
,,,,,,,,,,,,,,
,,,,,,,,,,,,,,
,,,,,,,,,,,,,,
,,,,,,,,,,,,,,
,,,,,,,,,,,,,,
,,,,,,,,,,,,,,
,,,,,,,,,,,,,,
,,,,,,,,,,,,,,
,,,,,,,,,,,,,,
,,,,,,,,,,,,,,
,,,,,,,,,,,,,,
DNK,Denmark,BBW-P100-STAN,Data and voice mobile broadband subscriptions per 100 inhabitants,2009,2009,100HAB,Per 100 inhabitants,0,Units,,,18.986,,
DNK,Denmark,BBW-P100-STAN,Data and voice mobile broadband subscriptions per 100 inhabitants,2010,2010,100HAB,Per 100 inhabitants,0,Units,,,35.665,,
DNK,Denmark,BBW-P100-STAN,Data and voice mobile broadband subscriptions per 100 inhabitants,2011,2011,100HAB,Per 100 inhabitants,0,Units,,,49.529,,
DNK,Denmark,BBW-P100-STAN,Data and voice mobile broadband subscriptions per 100 inhabitants,2012,2012,100HAB,Per 100 inhabitants,0,Units,,,57.374,,
DNK,Denmark,BBW-P100-STAN,Data and voice mobile broadband subscriptions per 100 inhabitants,2013,2013,100HAB,Per 100 inhabitants,0,Units,,,60.952,,
DNK,Denmark,BBW-P100-STAN,Data and voice mobile broadband subscriptions per 100 inhabitants,2014,2014,100HAB,Per 100 inhabitants,0,Units,,,83.9,,
DNK,Denmark,BBW-P100-STAN,Data and voice mobile broadband subscriptions per 100 inhabitants,2015,2015,100HAB,Per 100 inhabitants,0,Units,,,95.063,,
DNK,Denmark,BBW-P100-STAN,Data and voice mobile broadband subscriptions per 100 inhabitants,2016,2016,100HAB,Per 100 inhabitants,0,Units,,,99.155,,
DNK,Denmark,BBW-P100-STAN,Data and voice mobile broadband subscriptions per 100 inhabitants,2017,2017,100HAB,Per 100 inhabitants,0,Units,,,107.738,,
,,,,,,,,,,,,,,
,,,,,,,,,,,,,,
,,,,,,,,,,,,,,
,,,,,,,,,,,,,,
,,,,,,,,,,,,,,
,,,,,,,,,,,,,,
,,,,,,,,,,,,,,
,,,,,,,,,,,,,,
,,,,,,,,,,,,,,
,,,,,,,,,,,,,,
,,,,,,,,,,,,,,
,,,,,,,,,,,,,,
,,,,,,,,,,,,,,
,,,,,,,,,,,,,,
,,,,,,,,,,,,,,
,,,,,,,,,,,,,,
,,,,,,,,,,,,,,
,,,,,,,,,,,,,,
EST,Estonia,BBW-P100-STAN,Data and voice mobile broadband subscriptions per 100 inhabitants,2010,2010,100HAB,Per 100 inhabitants,0,Units,,,12.214,,
EST,Estonia,BBW-P100-STAN,Data and voice mobile broadband subscriptions per 100 inhabitants,2011,2011,100HAB,Per 100 inhabitants,0,Units,,,20.218,,
EST,Estonia,BBW-P100-STAN,Data and voice mobile broadband subscriptions per 100 inhabitants,2012,2012,100HAB,Per 100 inhabitants,0,Units,,,40.731,,
EST,Estonia,BBW-P100-STAN,Data and voice mobile broadband subscriptions per 100 inhabitants,2013,2013,100HAB,Per 100 inhabitants,0,Units,,,48.89,,
EST,Estonia,BBW-P100-STAN,Data and voice mobile broadband subscriptions per 100 inhabitants,2014,2014,100HAB,Per 100 inhabitants,0,Units,,,64.795,,
EST,Estonia,BBW-P100-STAN,Data and voice mobile broadband subscriptions per 100 inhabitants,2015,2015,100HAB,Per 100 inhabitants,0,Units,,,60.439,,
EST,Estonia,BBW-P100-STAN,Data and voice mobile broadband subscriptions per 100 inhabitants,2016,2016,100HAB,Per 100 inhabitants,0,Units,,,67.419,,
EST,Estonia,BBW-P100-STAN,Data and voice mobile broadband subscriptions per 100 inhabitants,2017,2017,100HAB,Per 100 inhabitants,0,Units,,,77.11,,
,,,,,,,,,,,,,,
,,,,,,,,,,,,,,
,,,,,,,,,,,,,,
,,,,,,,,,,,,,,
,,,,,,,,,,,,,,
,,,,,,,,,,,,,,
,,,,,,,,,,,,,,
,,,,,,,,,,,,,,
,,,,,,,,,,,,,,
,,,,,,,,,,,,,,
,,,,,,,,,,,,,,
,,,,,,,,,,,,,,
,,,,,,,,,,,,,,
,,,,,,,,,,,,,,
,,,,,,,,,,,,,,
,,,,,,,,,,,,,,
,,,,,,,,,,,,,,
FIN,Finland,BBW-P100-STAN,Data and voice mobile broadband subscriptions per 100 inhabitants,2009,2009,100HAB,Per 100 inhabitants,0,Units,,,17.045,,
FIN,Finland,BBW-P100-STAN,Data and voice mobile broadband subscriptions per 100 inhabitants,2010,2010,100HAB,Per 100 inhabitants,0,Units,,,30.578,,
FIN,Finland,BBW-P100-STAN,Data and voice mobile broadband subscriptions per 100 inhabitants,2011,2011,100HAB,Per 100 inhabitants,0,Units,,,65.883,,
FIN,Finland,BBW-P100-STAN,Data and voice mobile broadband subscriptions per 100 inhabitants,2012,2012,100HAB,Per 100 inhabitants,0,Units,,,87.92,,
FIN,Finland,BBW-P100-STAN,Data and voice mobile broadband subscriptions per 100 inhabitants,2013,2013,100HAB,Per 100 inhabitants,0,Units,,,77.956,,
FIN,Finland,BBW-P100-STAN,Data and voice mobile broadband subscriptions per 100 inhabitants,2014,2014,100HAB,Per 100 inhabitants,0,Units,,,93.181,,
FIN,Finland,BBW-P100-STAN,Data and voice mobile broadband subscriptions per 100 inhabitants,2015,2015,100HAB,Per 100 inhabitants,0,Units,,,97.619,,
FIN,Finland,BBW-P100-STAN,Data and voice mobile broadband subscriptions per 100 inhabitants,2016,2016,100HAB,Per 100 inhabitants,0,Units,,,106.273,,
FIN,Finland,BBW-P100-STAN,Data and voice mobile broadband subscriptions per 100 inhabitants,2017,2017,100HAB,Per 100 inhabitants,0,Units,,,114.738,,
,,,,,,,,,,,,,,
,,,,,,,,,,,,,,
,,,,,,,,,,,,,,
,,,,,,,,,,,,,,
,,,,,,,,,,,,,,
,,,,,,,,,,,,,,
,,,,,,,,,,,,,,
,,,,,,,,,,,,,,
,,,,,,,,,,,,,,
,,,,,,,,,,,,,,
,,,,,,,,,,,,,,
,,,,,,,,,,,,,,
,,,,,,,,,,,,,,
,,,,,,,,,,,,,,
,,,,,,,,,,,,,,
,,,,,,,,,,,,,,
,,,,,,,,,,,,,,
,,,,,,,,,,,,,,
FRA,France,BBW-P100-STAN,Data and voice mobile broadband subscriptions per 100 inhabitants,2009,2009,100HAB,Per 100 inhabitants,0,Units,,,27.062,,
FRA,France,BBW-P100-STAN,Data and voice mobile broadband subscriptions per 100 inhabitants,2010,2010,100HAB,Per 100 inhabitants,0,Units,,,35.525,,
FRA,France,BBW-P100-STAN,Data and voice mobile broadband subscriptions per 100 inhabitants,2011,2011,100HAB,Per 100 inhabitants,0,Units,,,42.469,,
FRA,France,BBW-P100-STAN,Data and voice mobile broadband subscriptions per 100 inhabitants,2012,2012,100HAB,Per 100 inhabitants,0,Units,,,44.743,,
FRA,France,BBW-P100-STAN,Data and voice mobile broadband subscriptions per 100 inhabitants,2013,2013,100HAB,Per 100 inhabitants,0,Units,,,49.86,,
FRA,France,BBW-P100-STAN,Data and voice mobile broadband subscriptions per 100 inhabitants,2014,2014,100HAB,Per 100 inhabitants,0,Units,,,59.068,,
FRA,France,BBW-P100-STAN,Data and voice mobile broadband subscriptions per 100 inhabitants,2015,2015,100HAB,Per 100 inhabitants,0,Units,,,68.384,,
FRA,France,BBW-P100-STAN,Data and voice mobile broadband subscriptions per 100 inhabitants,2016,2016,100HAB,Per 100 inhabitants,0,Units,,,73.794,,
FRA,France,BBW-P100-STAN,Data and voice mobile broadband subscriptions per 100 inhabitants,2017,2017,100HAB,Per 100 inhabitants,0,Units,,,79.713,,
,,,,,,,,,,,,,,
,,,,,,,,,,,,,,
,,,,,,,,,,,,,,
,,,,,,,,,,,,,,
,,,,,,,,,,,,,,
,,,,,,,,,,,,,,
,,,,,,,,,,,,,,
,,,,,,,,,,,,,,
,,,,,,,,,,,,,,
,,,,,,,,,,,,,,
,,,,,,,,,,,,,,
,,,,,,,,,,,,,,
,,,,,,,,,,,,,,
,,,,,,,,,,,,,,
,,,,,,,,,,,,,,
,,,,,,,,,,,,,,
,,,,,,,,,,,,,,
,,,,,,,,,,,,,,
DEU,Germany,BBW-P100-STAN,Data and voice mobile broadband subscriptions per 100 inhabitants,2010,2010,100HAB,Per 100 inhabitants,0,Units,,,16.815,,
DEU,Germany,BBW-P100-STAN,Data and voice mobile broadband subscriptions per 100 inhabitants,2011,2011,100HAB,Per 100 inhabitants,0,Units,,,22.547,,
DEU,Germany,BBW-P100-STAN,Data and voice mobile broadband subscriptions per 100 inhabitants,2012,2012,100HAB,Per 100 inhabitants,0,Units,,,27.929,,
DEU,Germany,BBW-P100-STAN,Data and voice mobile broadband subscriptions per 100 inhabitants,2013,2013,100HAB,Per 100 inhabitants,0,Units,,,39.835,,
DEU,Germany,BBW-P100-STAN,Data and voice mobile broadband subscriptions per 100 inhabitants,2014,2014,100HAB,Per 100 inhabitants,0,Units,,,50.926,,
DEU,Germany,BBW-P100-STAN,Data and voice mobile broadband subscriptions per 100 inhabitants,2015,2015,100HAB,Per 100 inhabitants,0,Units,,,36.508,,
DEU,Germany,BBW-P100-STAN,Data and voice mobile broadband subscriptions per 100 inhabitants,2016,2016,100HAB,Per 100 inhabitants,0,Units,,,71.698,,
DEU,Germany,BBW-P100-STAN,Data and voice mobile broadband subscriptions per 100 inhabitants,2017,2017,100HAB,Per 100 inhabitants,0,Units,,,74.683,,
,,,,,,,,,,,,,,
,,,,,,,,,,,,,,
,,,,,,,,,,,,,,
,,,,,,,,,,,,,,
,,,,,,,,,,,,,,
,,,,,,,,,,,,,,
,,,,,,,,,,,,,,
,,,,,,,,,,,,,,
,,,,,,,,,,,,,,
,,,,,,,,,,,,,,
,,,,,,,,,,,,,,
,,,,,,,,,,,,,,
,,,,,,,,,,,,,,
,,,,,,,,,,,,,,
,,,,,,,,,,,,,,
,,,,,,,,,,,,,,
,,,,,,,,,,,,,,
GRC,Greece,BBW-P100-STAN,Data and voice mobile broadband subscriptions per 100 inhabitants,2009,2009,100HAB,Per 100 inhabitants,0,Units,,,10.348,,
GRC,Greece,BBW-P100-STAN,Data and voice mobile broadband subscriptions per 100 inhabitants,2010,2010,100HAB,Per 100 inhabitants,0,Units,,,22.454,,
GRC,Greece,BBW-P100-STAN,Data and voice mobile broadband subscriptions per 100 inhabitants,2011,2011,100HAB,Per 100 inhabitants,0,Units,,,26.812,,
GRC,Greece,BBW-P100-STAN,Data and voice mobile broadband subscriptions per 100 inhabitants,2012,2012,100HAB,Per 100 inhabitants,0,Units,,,30.936,,
GRC,Greece,BBW-P100-STAN,Data and voice mobile broadband subscriptions per 100 inhabitants,2013,2013,100HAB,Per 100 inhabitants,0,Units,,,31.501,,
GRC,Greece,BBW-P100-STAN,Data and voice mobile broadband subscriptions per 100 inhabitants,2014,2014,100HAB,Per 100 inhabitants,0,Units,,,35.126,,
GRC,Greece,BBW-P100-STAN,Data and voice mobile broadband subscriptions per 100 inhabitants,2015,2015,100HAB,Per 100 inhabitants,0,Units,,,42.328,,
GRC,Greece,BBW-P100-STAN,Data and voice mobile broadband subscriptions per 100 inhabitants,2016,2016,100HAB,Per 100 inhabitants,0,Units,,,48.823,,
GRC,Greece,BBW-P100-STAN,Data and voice mobile broadband subscriptions per 100 inhabitants,2017,2017,100HAB,Per 100 inhabitants,0,Units,,,61.686,,
,,,,,,,,,,,,,,
,,,,,,,,,,,,,,
,,,,,,,,,,,,,,
,,,,,,,,,,,,,,
,,,,,,,,,,,,,,
,,,,,,,,,,,,,,
,,,,,,,,,,,,,,
,,,,,,,,,,,,,,
,,,,,,,,,,,,,,
,,,,,,,,,,,,,,
,,,,,,,,,,,,,,
,,,,,,,,,,,,,,
,,,,,,,,,,,,,,
,,,,,,,,,,,,,,
,,,,,,,,,,,,,,
,,,,,,,,,,,,,,
,,,,,,,,,,,,,,
,,,,,,,,,,,,,,
HUN,Hungary,BBW-P100-STAN,Data and voice mobile broadband subscriptions per 100 inhabitants,2009,2009,100HAB,Per 100 inhabitants,0,Units,,,2.139,,
HUN,Hungary,BBW-P100-STAN,Data and voice mobile broadband subscriptions per 100 inhabitants,2010,2010,100HAB,Per 100 inhabitants,0,Units,,,2.775,,
HUN,Hungary,BBW-P100-STAN,Data and voice mobile broadband subscriptions per 100 inhabitants,2011,2011,100HAB,Per 100 inhabitants,0,Units,,,6.943,,
HUN,Hungary,BBW-P100-STAN,Data and voice mobile broadband subscriptions per 100 inhabitants,2012,2012,100HAB,Per 100 inhabitants,0,Units,,,8.387,,
HUN,Hungary,BBW-P100-STAN,Data and voice mobile broadband subscriptions per 100 inhabitants,2013,2013,100HAB,Per 100 inhabitants,0,Units,,,12.36,,
HUN,Hungary,BBW-P100-STAN,Data and voice mobile broadband subscriptions per 100 inhabitants,2014,2014,100HAB,Per 100 inhabitants,0,Units,,,18.942,,
HUN,Hungary,BBW-P100-STAN,Data and voice mobile broadband subscriptions per 100 inhabitants,2015,2015,100HAB,Per 100 inhabitants,0,Units,,,35.933,,
HUN,Hungary,BBW-P100-STAN,Data and voice mobile broadband subscriptions per 100 inhabitants,2016,2016,100HAB,Per 100 inhabitants,0,Units,,,40.763,,
HUN,Hungary,BBW-P100-STAN,Data and voice mobile broadband subscriptions per 100 inhabitants,2017,2017,100HAB,Per 100 inhabitants,0,Units,,,44.942,,
,,,,,,,,,,,,,,
,,,,,,,,,,,,,,
,,,,,,,,,,,,,,
,,,,,,,,,,,,,,
,,,,,,,,,,,,,,
,,,,,,,,,,,,,,
,,,,,,,,,,,,,,
,,,,,,,,,,,,,,
,,,,,,,,,,,,,,
,,,,,,,,,,,,,,
,,,,,,,,,,,,,,
,,,,,,,,,,,,,,
,,,,,,,,,,,,,,
,,,,,,,,,,,,,,
,,,,,,,,,,,,,,
,,,,,,,,,,,,,,
,,,,,,,,,,,,,,
,,,,,,,,,,,,,,
ISL,Iceland,BBW-P100-STAN,Data and voice mobile broadband subscriptions per 100 inhabitants,2009,2009,100HAB,Per 100 inhabitants,0,Units,,,24.133,,
ISL,Iceland,BBW-P100-STAN,Data and voice mobile broadband subscriptions per 100 inhabitants,2010,2010,100HAB,Per 100 inhabitants,0,Units,,,34.83,,
ISL,Iceland,BBW-P100-STAN,Data and voice mobile broadband subscriptions per 100 inhabitants,2011,2011,100HAB,Per 100 inhabitants,0,Units,,,44.787,,
ISL,Iceland,BBW-P100-STAN,Data and voice mobile broadband subscriptions per 100 inhabitants,2012,2012,100HAB,Per 100 inhabitants,0,Units,,,56.996,,
ISL,Iceland,BBW-P100-STAN,Data and voice mobile broadband subscriptions per 100 inhabitants,2013,2013,100HAB,Per 100 inhabitants,0,Units,,,62.603,,
ISL,Iceland,BBW-P100-STAN,Data and voice mobile broadband subscriptions per 100 inhabitants,2014,2014,100HAB,Per 100 inhabitants,0,Units,,,72.944,,
ISL,Iceland,BBW-P100-STAN,Data and voice mobile broadband subscriptions per 100 inhabitants,2015,2015,100HAB,Per 100 inhabitants,0,Units,,,81.425,,
ISL,Iceland,BBW-P100-STAN,Data and voice mobile broadband subscriptions per 100 inhabitants,2016,2016,100HAB,Per 100 inhabitants,0,Units,,,90.84,,
ISL,Iceland,BBW-P100-STAN,Data and voice mobile broadband subscriptions per 100 inhabitants,2017,2017,100HAB,Per 100 inhabitants,0,Units,,,95.586,,
,,,,,,,,,,,,,,
,,,,,,,,,,,,,,
,,,,,,,,,,,,,,
,,,,,,,,,,,,,,
,,,,,,,,,,,,,,
,,,,,,,,,,,,,,
,,,,,,,,,,,,,,
,,,,,,,,,,,,,,
,,,,,,,,,,,,,,
,,,,,,,,,,,,,,
,,,,,,,,,,,,,,
,,,,,,,,,,,,,,
,,,,,,,,,,,,,,
,,,,,,,,,,,,,,
,,,,,,,,,,,,,,
,,,,,,,,,,,,,,
,,,,,,,,,,,,,,
,,,,,,,,,,,,,,
IRL,Ireland,BBW-P100-STAN,Data and voice mobile broadband subscriptions per 100 inhabitants,2009,2009,100HAB,Per 100 inhabitants,0,Units,,,28.047,,
IRL,Ireland,BBW-P100-STAN,Data and voice mobile broadband subscriptions per 100 inhabitants,2010,2010,100HAB,Per 100 inhabitants,0,Units,,,31.917,,
IRL,Ireland,BBW-P100-STAN,Data and voice mobile broadband subscriptions per 100 inhabitants,2011,2011,100HAB,Per 100 inhabitants,0,Units,,,45.742,,
IRL,Ireland,BBW-P100-STAN,Data and voice mobile broadband subscriptions per 100 inhabitants,2012,2012,100HAB,Per 100 inhabitants,0,Units,,,51.923,,
IRL,Ireland,BBW-P100-STAN,Data and voice mobile broadband subscriptions per 100 inhabitants,2013,2013,100HAB,Per 100 inhabitants,0,Units,,,56.44,,
IRL,Ireland,BBW-P100-STAN,Data and voice mobile broadband subscriptions per 100 inhabitants,2014,2014,100HAB,Per 100 inhabitants,0,Units,,,71.728,,
IRL,Ireland,BBW-P100-STAN,Data and voice mobile broadband subscriptions per 100 inhabitants,2015,2015,100HAB,Per 100 inhabitants,0,Units,,,88.975,,
IRL,Ireland,BBW-P100-STAN,Data and voice mobile broadband subscriptions per 100 inhabitants,2016,2016,100HAB,Per 100 inhabitants,0,Units,,,93.023,,
IRL,Ireland,BBW-P100-STAN,Data and voice mobile broadband subscriptions per 100 inhabitants,2017,2017,100HAB,Per 100 inhabitants,0,Units,,,95.004,,
,,,,,,,,,,,,,,
,,,,,,,,,,,,,,
,,,,,,,,,,,,,,
,,,,,,,,,,,,,,
,,,,,,,,,,,,,,
,,,,,,,,,,,,,,
,,,,,,,,,,,,,,
,,,,,,,,,,,,,,
,,,,,,,,,,,,,,
,,,,,,,,,,,,,,
,,,,,,,,,,,,,,
,,,,,,,,,,,,,,
,,,,,,,,,,,,,,
,,,,,,,,,,,,,,
,,,,,,,,,,,,,,
,,,,,,,,,,,,,,
,,,,,,,,,,,,,,
,,,,,,,,,,,,,,
ISR,Israel,BBW-P100-STAN,Data and voice mobile broadband subscriptions per 100 inhabitants,2009,2009,100HAB,Per 100 inhabitants,0,Units,,,70.546,,
ISR,Israel,BBW-P100-STAN,Data and voice mobile broadband subscriptions per 100 inhabitants,2010,2010,100HAB,Per 100 inhabitants,0,Units,,,70.947,,
ISR,Israel,BBW-P100-STAN,Data and voice mobile broadband subscriptions per 100 inhabitants,2011,2011,100HAB,Per 100 inhabitants,0,Units,,,70.526,,
ISR,Israel,BBW-P100-STAN,Data and voice mobile broadband subscriptions per 100 inhabitants,2012,2012,100HAB,Per 100 inhabitants,0,Units,,,69.584,,
ISR,Israel,BBW-P100-STAN,Data and voice mobile broadband subscriptions per 100 inhabitants,2013,2013,100HAB,Per 100 inhabitants,0,Units,,,68.515,,
ISR,Israel,BBW-P100-STAN,Data and voice mobile broadband subscriptions per 100 inhabitants,2014,2014,100HAB,Per 100 inhabitants,0,Units,,,68.004,,
ISR,Israel,BBW-P100-STAN,Data and voice mobile broadband subscriptions per 100 inhabitants,2015,2015,100HAB,Per 100 inhabitants,0,Units,,,68.172,,
ISR,Israel,BBW-P100-STAN,Data and voice mobile broadband subscriptions per 100 inhabitants,2016,2016,100HAB,Per 100 inhabitants,0,Units,,,68.896,,
ISR,Israel,BBW-P100-STAN,Data and voice mobile broadband subscriptions per 100 inhabitants,2017,2017,100HAB,Per 100 inhabitants,0,Units,,,71.189,,
,,,,,,,,,,,,,,
,,,,,,,,,,,,,,
,,,,,,,,,,,,,,
,,,,,,,,,,,,,,
,,,,,,,,,,,,,,
,,,,,,,,,,,,,,
,,,,,,,,,,,,,,
,,,,,,,,,,,,,,
,,,,,,,,,,,,,,
,,,,,,,,,,,,,,
,,,,,,,,,,,,,,
,,,,,,,,,,,,,,
,,,,,,,,,,,,,,
,,,,,,,,,,,,,,
,,,,,,,,,,,,,,
,,,,,,,,,,,,,,
,,,,,,,,,,,,,,
,,,,,,,,,,,,,,
ITA,Italy,BBW-P100-STAN,Data and voice mobile broadband subscriptions per 100 inhabitants,2009,2009,100HAB,Per 100 inhabitants,0,Units,,,13.517,,
ITA,Italy,BBW-P100-STAN,Data and voice mobile broadband subscriptions per 100 inhabitants,2010,2010,100HAB,Per 100 inhabitants,0,Units,,,29.186,,
ITA,Italy,BBW-P100-STAN,Data and voice mobile broadband subscriptions per 100 inhabitants,2011,2011,100HAB,Per 100 inhabitants,0,Units,,,34.548,,
ITA,Italy,BBW-P100-STAN,Data and voice mobile broadband subscriptions per 100 inhabitants,2012,2012,100HAB,Per 100 inhabitants,0,Units,,,38.272,,
ITA,Italy,BBW-P100-STAN,Data and voice mobile broadband subscriptions per 100 inhabitants,2013,2013,100HAB,Per 100 inhabitants,0,Units,,,49.275,,
ITA,Italy,BBW-P100-STAN,Data and voice mobile broadband subscriptions per 100 inhabitants,2014,2014,100HAB,Per 100 inhabitants,0,Units,,,60.839,,
ITA,Italy,BBW-P100-STAN,Data and voice mobile broadband subscriptions per 100 inhabitants,2015,2015,100HAB,Per 100 inhabitants,0,Units,,,66.627,,
ITA,Italy,BBW-P100-STAN,Data and voice mobile broadband subscriptions per 100 inhabitants,2016,2016,100HAB,Per 100 inhabitants,0,Units,,,71.249,,
ITA,Italy,BBW-P100-STAN,Data and voice mobile broadband subscriptions per 100 inhabitants,2017,2017,100HAB,Per 100 inhabitants,0,Units,,,75.174,,
,,,,,,,,,,,,,,
,,,,,,,,,,,,,,
,,,,,,,,,,,,,,
,,,,,,,,,,,,,,
,,,,,,,,,,,,,,
,,,,,,,,,,,,,,
,,,,,,,,,,,,,,
,,,,,,,,,,,,,,
,,,,,,,,,,,,,,
,,,,,,,,,,,,,,
,,,,,,,,,,,,,,
,,,,,,,,,,,,,,
,,,,,,,,,,,,,,
,,,,,,,,,,,,,,
,,,,,,,,,,,,,,
,,,,,,,,,,,,,,
,,,,,,,,,,,,,,
,,,,,,,,,,,,,,
JPN,Japan,BBW-P100-STAN,Data and voice mobile broadband subscriptions per 100 inhabitants,2009,2009,100HAB,Per 100 inhabitants,0,Units,,,73.965,,
JPN,Japan,BBW-P100-STAN,Data and voice mobile broadband subscriptions per 100 inhabitants,2010,2010,100HAB,Per 100 inhabitants,0,Units,,,76.311,,
JPN,Japan,BBW-P100-STAN,Data and voice mobile broadband subscriptions per 100 inhabitants,2011,2011,100HAB,Per 100 inhabitants,0,Units,,,81.935,,
JPN,Japan,BBW-P100-STAN,Data and voice mobile broadband subscriptions per 100 inhabitants,2012,2012,100HAB,Per 100 inhabitants,0,Units,,,85.408,,
JPN,Japan,BBW-P100-STAN,Data and voice mobile broadband subscriptions per 100 inhabitants,2013,2013,100HAB,Per 100 inhabitants,0,Units,,,93.055,,
JPN,Japan,BBW-P100-STAN,Data and voice mobile broadband subscriptions per 100 inhabitants,2014,2014,100HAB,Per 100 inhabitants,0,Units,,,95.898,,
JPN,Japan,BBW-P100-STAN,Data and voice mobile broadband subscriptions per 100 inhabitants,2015,2015,100HAB,Per 100 inhabitants,0,Units,,,95.696,,
JPN,Japan,BBW-P100-STAN,Data and voice mobile broadband subscriptions per 100 inhabitants,2016,2016,100HAB,Per 100 inhabitants,0,Units,,,95.189,,
JPN,Japan,BBW-P100-STAN,Data and voice mobile broadband subscriptions per 100 inhabitants,2017,2017,100HAB,Per 100 inhabitants,0,Units,,,95.729,,
,,,,,,,,,,,,,,
,,,,,,,,,,,,,,
,,,,,,,,,,,,,,
,,,,,,,,,,,,,,
,,,,,,,,,,,,,,
,,,,,,,,,,,,,,
,,,,,,,,,,,,,,
,,,,,,,,,,,,,,
,,,,,,,,,,,,,,
,,,,,,,,,,,,,,
,,,,,,,,,,,,,,
,,,,,,,,,,,,,,
,,,,,,,,,,,,,,
,,,,,,,,,,,,,,
,,,,,,,,,,,,,,
,,,,,,,,,,,,,,
,,,,,,,,,,,,,,
,,,,,,,,,,,,,,
KOR,Korea,BBW-P100-STAN,Data and voice mobile broadband subscriptions per 100 inhabitants,2009,2009,100HAB,Per 100 inhabitants,0,Units,,,85.74,,
KOR,Korea,BBW-P100-STAN,Data and voice mobile broadband subscriptions per 100 inhabitants,2010,2010,100HAB,Per 100 inhabitants,0,Units,,,94.432,,
KOR,Korea,BBW-P100-STAN,Data and voice mobile broadband subscriptions per 100 inhabitants,2011,2011,100HAB,Per 100 inhabitants,0,Units,,,100.088,,
KOR,Korea,BBW-P100-STAN,Data and voice mobile broadband subscriptions per 100 inhabitants,2012,2012,100HAB,Per 100 inhabitants,0,Units,,,72.312,,
KOR,Korea,BBW-P100-STAN,Data and voice mobile broadband subscriptions per 100 inhabitants,2013,2013,100HAB,Per 100 inhabitants,0,Units,,,80.404,,
KOR,Korea,BBW-P100-STAN,Data and voice mobile broadband subscriptions per 100 inhabitants,2014,2014,100HAB,Per 100 inhabitants,0,Units,,,84.183,,
KOR,Korea,BBW-P100-STAN,Data and voice mobile broadband subscriptions per 100 inhabitants,2015,2015,100HAB,Per 100 inhabitants,0,Units,,,87.898,,
KOR,Korea,BBW-P100-STAN,Data and voice mobile broadband subscriptions per 100 inhabitants,2016,2016,100HAB,Per 100 inhabitants,0,Units,,,91.991,,
KOR,Korea,BBW-P100-STAN,Data and voice mobile broadband subscriptions per 100 inhabitants,2017,2017,100HAB,Per 100 inhabitants,0,Units,,,97.362,,
,,,,,,,,,,,,,,
,,,,,,,,,,,,,,
,,,,,,,,,,,,,,
,,,,,,,,,,,,,,
,,,,,,,,,,,,,,
,,,,,,,,,,,,,,
,,,,,,,,,,,,,,
,,,,,,,,,,,,,,
,,,,,,,,,,,,,,
,,,,,,,,,,,,,,
,,,,,,,,,,,,,,
,,,,,,,,,,,,,,
,,,,,,,,,,,,,,
,,,,,,,,,,,,,,
,,,,,,,,,,,,,,
,,,,,,,,,,,,,,
,,,,,,,,,,,,,,
,,,,,,,,,,,,,,
LVA,Latvia,BBW-P100-STAN,Data and voice mobile broadband subscriptions per 100 inhabitants,2009,2009,100HAB,Per 100 inhabitants,0,Units,,,18.276,,
LVA,Latvia,BBW-P100-STAN,Data and voice mobile broadband subscriptions per 100 inhabitants,2010,2010,100HAB,Per 100 inhabitants,0,Units,,,33.83,,
LVA,Latvia,BBW-P100-STAN,Data and voice mobile broadband subscriptions per 100 inhabitants,2011,2011,100HAB,Per 100 inhabitants,0,Units,,,35.393,,
LVA,Latvia,BBW-P100-STAN,Data and voice mobile broadband subscriptions per 100 inhabitants,2012,2012,100HAB,Per 100 inhabitants,0,Units,,,46.366,,
LVA,Latvia,BBW-P100-STAN,Data and voice mobile broadband subscriptions per 100 inhabitants,2013,2013,100HAB,Per 100 inhabitants,0,Units,,,61.153,,
LVA,Latvia,BBW-P100-STAN,Data and voice mobile broadband subscriptions per 100 inhabitants,2014,2014,100HAB,Per 100 inhabitants,0,Units,,,55.339,,
LVA,Latvia,BBW-P100-STAN,Data and voice mobile broadband subscriptions per 100 inhabitants,2015,2015,100HAB,Per 100 inhabitants,0,Units,,,58.518,,
LVA,Latvia,BBW-P100-STAN,Data and voice mobile broadband subscriptions per 100 inhabitants,2016,2016,100HAB,Per 100 inhabitants,0,Units,,,82.449,,
LVA,Latvia,BBW-P100-STAN,Data and voice mobile broadband subscriptions per 100 inhabitants,2017,2017,100HAB,Per 100 inhabitants,0,Units,,,88.178,,
,,,,,,,,,,,,,,
,,,,,,,,,,,,,,
,,,,,,,,,,,,,,
,,,,,,,,,,,,,,
,,,,,,,,,,,,,,
,,,,,,,,,,,,,,
,,,,,,,,,,,,,,
,,,,,,,,,,,,,,
,,,,,,,,,,,,,,
,,,,,,,,,,,,,,
,,,,,,,,,,,,,,
,,,,,,,,,,,,,,
,,,,,,,,,,,,,,
,,,,,,,,,,,,,,
,,,,,,,,,,,,,,
,,,,,,,,,,,,,,
,,,,,,,,,,,,,,
,,,,,,,,,,,,,,
LTU,Lithuania,BBW-P100-STAN,Data and voice mobile broadband subscriptions per 100 inhabitants,2011,2011,100HAB,Per 100 inhabitants,0,Units,,,25.928,,
LTU,Lithuania,BBW-P100-STAN,Data and voice mobile broadband subscriptions per 100 inhabitants,2012,2012,100HAB,Per 100 inhabitants,0,Units,,,39.785,,
LTU,Lithuania,BBW-P100-STAN,Data and voice mobile broadband subscriptions per 100 inhabitants,2013,2013,100HAB,Per 100 inhabitants,0,Units,,,54.792,,
LTU,Lithuania,BBW-P100-STAN,Data and voice mobile broadband subscriptions per 100 inhabitants,2014,2014,100HAB,Per 100 inhabitants,0,Units,,,61.536,,
LTU,Lithuania,BBW-P100-STAN,Data and voice mobile broadband subscriptions per 100 inhabitants,2015,2015,100HAB,Per 100 inhabitants,0,Units,,,64.442,,
LTU,Lithuania,BBW-P100-STAN,Data and voice mobile broadband subscriptions per 100 inhabitants,2016,2016,100HAB,Per 100 inhabitants,0,Units,,,69.448,,
LTU,Lithuania,BBW-P100-STAN,Data and voice mobile broadband subscriptions per 100 inhabitants,2017,2017,100HAB,Per 100 inhabitants,0,Units,,,71.922,,
,,,,,,,,,,,,,,
,,,,,,,,,,,,,,
,,,,,,,,,,,,,,
,,,,,,,,,,,,,,
,,,,,,,,,,,,,,
,,,,,,,,,,,,,,
,,,,,,,,,,,,,,
,,,,,,,,,,,,,,
,,,,,,,,,,,,,,
,,,,,,,,,,,,,,
,,,,,,,,,,,,,,
,,,,,,,,,,,,,,
,,,,,,,,,,,,,,
,,,,,,,,,,,,,,
LUX,Luxembourg,BBW-P100-STAN,Data and voice mobile broadband subscriptions per 100 inhabitants,2009,2009,100HAB,Per 100 inhabitants,0,Units,,,22.531,,
LUX,Luxembourg,BBW-P100-STAN,Data and voice mobile broadband subscriptions per 100 inhabitants,2010,2010,100HAB,Per 100 inhabitants,0,Units,,,45.399,,
LUX,Luxembourg,BBW-P100-STAN,Data and voice mobile broadband subscriptions per 100 inhabitants,2011,2011,100HAB,Per 100 inhabitants,0,Units,,,57.624,,
LUX,Luxembourg,BBW-P100-STAN,Data and voice mobile broadband subscriptions per 100 inhabitants,2012,2012,100HAB,Per 100 inhabitants,0,Units,,,72.455,,
LUX,Luxembourg,BBW-P100-STAN,Data and voice mobile broadband subscriptions per 100 inhabitants,2013,2013,100HAB,Per 100 inhabitants,0,Units,,,78.342,,
LUX,Luxembourg,BBW-P100-STAN,Data and voice mobile broadband subscriptions per 100 inhabitants,2014,2014,100HAB,Per 100 inhabitants,0,Units,,,77.306,,
LUX,Luxembourg,BBW-P100-STAN,Data and voice mobile broadband subscriptions per 100 inhabitants,2015,2015,100HAB,Per 100 inhabitants,0,Units,,,76.8,,
LUX,Luxembourg,BBW-P100-STAN,Data and voice mobile broadband subscriptions per 100 inhabitants,2016,2016,100HAB,Per 100 inhabitants,0,Units,,,75.056,,
LUX,Luxembourg,BBW-P100-STAN,Data and voice mobile broadband subscriptions per 100 inhabitants,2017,2017,100HAB,Per 100 inhabitants,0,Units,,,78.442,,
,,,,,,,,,,,,,,
,,,,,,,,,,,,,,
,,,,,,,,,,,,,,
,,,,,,,,,,,,,,
,,,,,,,,,,,,,,
,,,,,,,,,,,,,,
,,,,,,,,,,,,,,
,,,,,,,,,,,,,,
,,,,,,,,,,,,,,
,,,,,,,,,,,,,,
,,,,,,,,,,,,,,
,,,,,,,,,,,,,,
,,,,,,,,,,,,,,
,,,,,,,,,,,,,,
,,,,,,,,,,,,,,
,,,,,,,,,,,,,,
,,,,,,,,,,,,,,
,,,,,,,,,,,,,,
MEX,Mexico,BBW-P100-STAN,Data and voice mobile broadband subscriptions per 100 inhabitants,2010,2010,100HAB,Per 100 inhabitants,0,Units,,,3.506,,
MEX,Mexico,BBW-P100-STAN,Data and voice mobile broadband subscriptions per 100 inhabitants,2011,2011,100HAB,Per 100 inhabitants,0,Units,,,10.322,,
MEX,Mexico,BBW-P100-STAN,Data and voice mobile broadband subscriptions per 100 inhabitants,2012,2012,100HAB,Per 100 inhabitants,0,Units,,,18.432,,
MEX,Mexico,BBW-P100-STAN,Data and voice mobile broadband subscriptions per 100 inhabitants,2013,2013,100HAB,Per 100 inhabitants,0,Units,,,27.521,,
MEX,Mexico,BBW-P100-STAN,Data and voice mobile broadband subscriptions per 100 inhabitants,2014,2014,100HAB,Per 100 inhabitants,0,Units,,,42.172,,
MEX,Mexico,BBW-P100-STAN,Data and voice mobile broadband subscriptions per 100 inhabitants,2015,2015,100HAB,Per 100 inhabitants,0,Units,,,52.372,,
MEX,Mexico,BBW-P100-STAN,Data and voice mobile broadband subscriptions per 100 inhabitants,2016,2016,100HAB,Per 100 inhabitants,0,Units,,,60.868,,
MEX,Mexico,BBW-P100-STAN,Data and voice mobile broadband subscriptions per 100 inhabitants,2017,2017,100HAB,Per 100 inhabitants,0,Units,,,64.962,,
,,,,,,,,,,,,,,
,,,,,,,,,,,,,,
,,,,,,,,,,,,,,
,,,,,,,,,,,,,,
,,,,,,,,,,,,,,
,,,,,,,,,,,,,,
,,,,,,,,,,,,,,
,,,,,,,,,,,,,,
,,,,,,,,,,,,,,
,,,,,,,,,,,,,,
,,,,,,,,,,,,,,
,,,,,,,,,,,,,,
,,,,,,,,,,,,,,
,,,,,,,,,,,,,,
,,,,,,,,,,,,,,
,,,,,,,,,,,,,,
,,,,,,,,,,,,,,
NLD,Netherlands,BBW-P100-STAN,Data and voice mobile broadband subscriptions per 100 inhabitants,2010,2010,100HAB,Per 100 inhabitants,0,Units,,,27.577,,
NLD,Netherlands,BBW-P100-STAN,Data and voice mobile broadband subscriptions per 100 inhabitants,2011,2011,100HAB,Per 100 inhabitants,0,Units,,,38.046,,
NLD,Netherlands,BBW-P100-STAN,Data and voice mobile broadband subscriptions per 100 inhabitants,2012,2012,100HAB,Per 100 inhabitants,0,Units,,,45.049,,
NLD,Netherlands,BBW-P100-STAN,Data and voice mobile broadband subscriptions per 100 inhabitants,2013,2013,100HAB,Per 100 inhabitants,0,Units,,,50.952,,
NLD,Netherlands,BBW-P100-STAN,Data and voice mobile broadband subscriptions per 100 inhabitants,2014,2014,100HAB,Per 100 inhabitants,0,Units,,,63,,
NLD,Netherlands,BBW-P100-STAN,Data and voice mobile broadband subscriptions per 100 inhabitants,2015,2015,100HAB,Per 100 inhabitants,0,Units,,,70.136,,
NLD,Netherlands,BBW-P100-STAN,Data and voice mobile broadband subscriptions per 100 inhabitants,2016,2016,100HAB,Per 100 inhabitants,0,Units,,,81.233,,
NLD,Netherlands,BBW-P100-STAN,Data and voice mobile broadband subscriptions per 100 inhabitants,2017,2017,100HAB,Per 100 inhabitants,0,Units,,,84.858,,
,,,,,,,,,,,,,,
,,,,,,,,,,,,,,
,,,,,,,,,,,,,,
,,,,,,,,,,,,,,
,,,,,,,,,,,,,,
,,,,,,,,,,,,,,
,,,,,,,,,,,,,,
,,,,,,,,,,,,,,
,,,,,,,,,,,,,,
,,,,,,,,,,,,,,
,,,,,,,,,,,,,,
,,,,,,,,,,,,,,
,,,,,,,,,,,,,,
,,,,,,,,,,,,,,
,,,,,,,,,,,,,,
,,,,,,,,,,,,,,
,,,,,,,,,,,,,,
NZL,New Zealand,BBW-P100-STAN,Data and voice mobile broadband subscriptions per 100 inhabitants,2010,2010,100HAB,Per 100 inhabitants,0,Units,,,33.276,,
NZL,New Zealand,BBW-P100-STAN,Data and voice mobile broadband subscriptions per 100 inhabitants,2011,2011,100HAB,Per 100 inhabitants,0,Units,,,53.419,,
NZL,New Zealand,BBW-P100-STAN,Data and voice mobile broadband subscriptions per 100 inhabitants,2012,2012,100HAB,Per 100 inhabitants,0,Units,,,58.343,,
NZL,New Zealand,BBW-P100-STAN,Data and voice mobile broadband subscriptions per 100 inhabitants,2013,2013,100HAB,Per 100 inhabitants,0,Units,,,75.474,,
NZL,New Zealand,BBW-P100-STAN,Data and voice mobile broadband subscriptions per 100 inhabitants,2014,2014,100HAB,Per 100 inhabitants,0,Units,,,65.029,,
NZL,New Zealand,BBW-P100-STAN,Data and voice mobile broadband subscriptions per 100 inhabitants,2015,2015,100HAB,Per 100 inhabitants,0,Units,,,28.432,,
NZL,New Zealand,BBW-P100-STAN,Data and voice mobile broadband subscriptions per 100 inhabitants,2016,2016,100HAB,Per 100 inhabitants,0,Units,,,29.022,,
NZL,New Zealand,BBW-P100-STAN,Data and voice mobile broadband subscriptions per 100 inhabitants,2017,2017,100HAB,Per 100 inhabitants,0,Units,,,91.841,,
,,,,,,,,,,,,,,
,,,,,,,,,,,,,,
,,,,,,,,,,,,,,
,,,,,,,,,,,,,,
,,,,,,,,,,,,,,
,,,,,,,,,,,,,,
,,,,,,,,,,,,,,
,,,,,,,,,,,,,,
,,,,,,,,,,,,,,
,,,,,,,,,,,,,,
,,,,,,,,,,,,,,
,,,,,,,,,,,,,,
,,,,,,,,,,,,,,
,,,,,,,,,,,,,,
,,,,,,,,,,,,,,
,,,,,,,,,,,,,,
,,,,,,,,,,,,,,
NOR,Norway,BBW-P100-STAN,Data and voice mobile broadband subscriptions per 100 inhabitants,2009,2009,100HAB,Per 100 inhabitants,0,Units,,,57.395,,
NOR,Norway,BBW-P100-STAN,Data and voice mobile broadband subscriptions per 100 inhabitants,2010,2010,100HAB,Per 100 inhabitants,0,Units,,,55.006,,
NOR,Norway,BBW-P100-STAN,Data and voice mobile broadband subscriptions per 100 inhabitants,2011,2011,100HAB,Per 100 inhabitants,0,Units,,,51.394,,
NOR,Norway,BBW-P100-STAN,Data and voice mobile broadband subscriptions per 100 inhabitants,2012,2012,100HAB,Per 100 inhabitants,0,Units,,,67.877,,
NOR,Norway,BBW-P100-STAN,Data and voice mobile broadband subscriptions per 100 inhabitants,2013,2013,100HAB,Per 100 inhabitants,0,Units,,,73.41,,
NOR,Norway,BBW-P100-STAN,Data and voice mobile broadband subscriptions per 100 inhabitants,2014,2014,100HAB,Per 100 inhabitants,0,Units,,,77.582,,
NOR,Norway,BBW-P100-STAN,Data and voice mobile broadband subscriptions per 100 inhabitants,2015,2015,100HAB,Per 100 inhabitants,0,Units,,,85.227,,
NOR,Norway,BBW-P100-STAN,Data and voice mobile broadband subscriptions per 100 inhabitants,2016,2016,100HAB,Per 100 inhabitants,0,Units,,,87.167,,
NOR,Norway,BBW-P100-STAN,Data and voice mobile broadband subscriptions per 100 inhabitants,2017,2017,100HAB,Per 100 inhabitants,0,Units,,,90.718,,
,,,,,,,,,,,,,,
,,,,,,,,,,,,,,
,,,,,,,,,,,,,,
,,,,,,,,,,,,,,
,,,,,,,,,,,,,,
,,,,,,,,,,,,,,
,,,,,,,,,,,,,,
,,,,,,,,,,,,,,
,,,,,,,,,,,,,,
,,,,,,,,,,,,,,
,,,,,,,,,,,,,,
,,,,,,,,,,,,,,
,,,,,,,,,,,,,,
,,,,,,,,,,,,,,
,,,,,,,,,,,,,,
,,,,,,,,,,,,,,
,,,,,,,,,,,,,,
,,,,,,,,,,,,,,
,,,,,,,,,,,,,,
,,,,,,,,,,,,,,
,,,,,,,,,,,,,,
,,,,,,,,,,,,,,
,,,,,,,,,,,,,,
,,,,,,,,,,,,,,
,,,,,,,,,,,,,,
,,,,,,,,,,,,,,
,,,,,,,,,,,,,,
,,,,,,,,,,,,,,
,,,,,,,,,,,,,,
,,,,,,,,,,,,,,
,,,,,,,,,,,,,,
,,,,,,,,,,,,,,
,,,,,,,,,,,,,,
,,,,,,,,,,,,,,
,,,,,,,,,,,,,,
,,,,,,,,,,,,,,
,,,,,,,,,,,,,,
,,,,,,,,,,,,,,
,,,,,,,,,,,,,,
,,,,,,,,,,,,,,
,,,,,,,,,,,,,,
,,,,,,,,,,,,,,
,,,,,,,,,,,,,,
,,,,,,,,,,,,,,
,,,,,,,,,,,,,,
POL,Poland,BBW-P100-STAN,Data and voice mobile broadband subscriptions per 100 inhabitants,2009,2009,100HAB,Per 100 inhabitants,0,Units,,,36.893,,
POL,Poland,BBW-P100-STAN,Data and voice mobile broadband subscriptions per 100 inhabitants,2010,2010,100HAB,Per 100 inhabitants,0,Units,,,40.677,,
POL,Poland,BBW-P100-STAN,Data and voice mobile broadband subscriptions per 100 inhabitants,2011,2011,100HAB,Per 100 inhabitants,0,Units,,,41.097,,
POL,Poland,BBW-P100-STAN,Data and voice mobile broadband subscriptions per 100 inhabitants,2012,2012,100HAB,Per 100 inhabitants,0,Units,,,48.03,,
POL,Poland,BBW-P100-STAN,Data and voice mobile broadband subscriptions per 100 inhabitants,2013,2013,100HAB,Per 100 inhabitants,0,Units,,,43.42,,
POL,Poland,BBW-P100-STAN,Data and voice mobile broadband subscriptions per 100 inhabitants,2014,2014,100HAB,Per 100 inhabitants,0,Units,,,42.111,,
POL,Poland,BBW-P100-STAN,Data and voice mobile broadband subscriptions per 100 inhabitants,2015,2015,100HAB,Per 100 inhabitants,0,Units,,,44.437,,
POL,Poland,BBW-P100-STAN,Data and voice mobile broadband subscriptions per 100 inhabitants,2016,2016,100HAB,Per 100 inhabitants,0,Units,,,60.075,,
POL,Poland,BBW-P100-STAN,Data and voice mobile broadband subscriptions per 100 inhabitants,2017,2017,100HAB,Per 100 inhabitants,0,Units,,,75.112,,
,,,,,,,,,,,,,,
,,,,,,,,,,,,,,
,,,,,,,,,,,,,,
,,,,,,,,,,,,,,
,,,,,,,,,,,,,,
,,,,,,,,,,,,,,
,,,,,,,,,,,,,,
,,,,,,,,,,,,,,
,,,,,,,,,,,,,,
,,,,,,,,,,,,,,
,,,,,,,,,,,,,,
,,,,,,,,,,,,,,
,,,,,,,,,,,,,,
,,,,,,,,,,,,,,
,,,,,,,,,,,,,,
,,,,,,,,,,,,,,
,,,,,,,,,,,,,,
,,,,,,,,,,,,,,
PRT,Portugal,BBW-P100-STAN,Data and voice mobile broadband subscriptions per 100 inhabitants,2009,2009,100HAB,Per 100 inhabitants,0,Units,,,21.55,,
PRT,Portugal,BBW-P100-STAN,Data and voice mobile broadband subscriptions per 100 inhabitants,2010,2010,100HAB,Per 100 inhabitants,0,Units,,,12.176,,
PRT,Portugal,BBW-P100-STAN,Data and voice mobile broadband subscriptions per 100 inhabitants,2011,2011,100HAB,Per 100 inhabitants,0,Units,,,16.962,,
PRT,Portugal,BBW-P100-STAN,Data and voice mobile broadband subscriptions per 100 inhabitants,2012,2012,100HAB,Per 100 inhabitants,0,Units,,,23.738,,
PRT,Portugal,BBW-P100-STAN,Data and voice mobile broadband subscriptions per 100 inhabitants,2013,2013,100HAB,Per 100 inhabitants,0,Units,,,30.011,,
PRT,Portugal,BBW-P100-STAN,Data and voice mobile broadband subscriptions per 100 inhabitants,2014,2014,100HAB,Per 100 inhabitants,0,Units,,,42.577,,
PRT,Portugal,BBW-P100-STAN,Data and voice mobile broadband subscriptions per 100 inhabitants,2015,2015,100HAB,Per 100 inhabitants,0,Units,,,47.787,,
PRT,Portugal,BBW-P100-STAN,Data and voice mobile broadband subscriptions per 100 inhabitants,2016,2016,100HAB,Per 100 inhabitants,0,Units,,,57.274,,
PRT,Portugal,BBW-P100-STAN,Data and voice mobile broadband subscriptions per 100 inhabitants,2017,2017,100HAB,Per 100 inhabitants,0,Units,,,63.61,,
,,,,,,,,,,,,,,
,,,,,,,,,,,,,,
,,,,,,,,,,,,,,
,,,,,,,,,,,,,,
,,,,,,,,,,,,,,
,,,,,,,,,,,,,,
,,,,,,,,,,,,,,
,,,,,,,,,,,,,,
,,,,,,,,,,,,,,
,,,,,,,,,,,,,,
,,,,,,,,,,,,,,
,,,,,,,,,,,,,,
,,,,,,,,,,,,,,
,,,,,,,,,,,,,,
,,,,,,,,,,,,,,
,,,,,,,,,,,,,,
,,,,,,,,,,,,,,
,,,,,,,,,,,,,,
SVK,Slovak Republic,BBW-P100-STAN,Data and voice mobile broadband subscriptions per 100 inhabitants,2009,2009,100HAB,Per 100 inhabitants,0,Units,,,10.2,,
SVK,Slovak Republic,BBW-P100-STAN,Data and voice mobile broadband subscriptions per 100 inhabitants,2010,2010,100HAB,Per 100 inhabitants,0,Units,,,14.208,,
SVK,Slovak Republic,BBW-P100-STAN,Data and voice mobile broadband subscriptions per 100 inhabitants,2011,2011,100HAB,Per 100 inhabitants,0,Units,,,25.163,,
SVK,Slovak Republic,BBW-P100-STAN,Data and voice mobile broadband subscriptions per 100 inhabitants,2012,2012,100HAB,Per 100 inhabitants,0,Units,,,27.644,,
SVK,Slovak Republic,BBW-P100-STAN,Data and voice mobile broadband subscriptions per 100 inhabitants,2013,2013,100HAB,Per 100 inhabitants,0,Units,,,42.439,,
SVK,Slovak Republic,BBW-P100-STAN,Data and voice mobile broadband subscriptions per 100 inhabitants,2014,2014,100HAB,Per 100 inhabitants,0,Units,,,50.207,,
SVK,Slovak Republic,BBW-P100-STAN,Data and voice mobile broadband subscriptions per 100 inhabitants,2015,2015,100HAB,Per 100 inhabitants,0,Units,,,57.849,,
SVK,Slovak Republic,BBW-P100-STAN,Data and voice mobile broadband subscriptions per 100 inhabitants,2016,2016,100HAB,Per 100 inhabitants,0,Units,,,68.686,,
SVK,Slovak Republic,BBW-P100-STAN,Data and voice mobile broadband subscriptions per 100 inhabitants,2017,2017,100HAB,Per 100 inhabitants,0,Units,,,72.597,,
,,,,,,,,,,,,,,
,,,,,,,,,,,,,,
,,,,,,,,,,,,,,
,,,,,,,,,,,,,,
,,,,,,,,,,,,,,
,,,,,,,,,,,,,,
,,,,,,,,,,,,,,
,,,,,,,,,,,,,,
,,,,,,,,,,,,,,
,,,,,,,,,,,,,,
,,,,,,,,,,,,,,
,,,,,,,,,,,,,,
,,,,,,,,,,,,,,
,,,,,,,,,,,,,,
,,,,,,,,,,,,,,
,,,,,,,,,,,,,,
,,,,,,,,,,,,,,
,,,,,,,,,,,,,,
SVN,Slovenia,BBW-P100-STAN,Data and voice mobile broadband subscriptions per 100 inhabitants,2010,2010,100HAB,Per 100 inhabitants,0,Units,,,21.944,,
SVN,Slovenia,BBW-P100-STAN,Data and voice mobile broadband subscriptions per 100 inhabitants,2011,2011,100HAB,Per 100 inhabitants,0,Units,,,26.495,,
SVN,Slovenia,BBW-P100-STAN,Data and voice mobile broadband subscriptions per 100 inhabitants,2012,2012,100HAB,Per 100 inhabitants,0,Units,,,32.603,,
SVN,Slovenia,BBW-P100-STAN,Data and voice mobile broadband subscriptions per 100 inhabitants,2013,2013,100HAB,Per 100 inhabitants,0,Units,,,34.826,,
SVN,Slovenia,BBW-P100-STAN,Data and voice mobile broadband subscriptions per 100 inhabitants,2014,2014,100HAB,Per 100 inhabitants,0,Units,,,41.04,,
SVN,Slovenia,BBW-P100-STAN,Data and voice mobile broadband subscriptions per 100 inhabitants,2015,2015,100HAB,Per 100 inhabitants,0,Units,,,44.583,,
SVN,Slovenia,BBW-P100-STAN,Data and voice mobile broadband subscriptions per 100 inhabitants,2016,2016,100HAB,Per 100 inhabitants,0,Units,,,58.026,,
SVN,Slovenia,BBW-P100-STAN,Data and voice mobile broadband subscriptions per 100 inhabitants,2017,2017,100HAB,Per 100 inhabitants,0,Units,,,65.903,,
,,,,,,,,,,,,,,
,,,,,,,,,,,,,,
,,,,,,,,,,,,,,
,,,,,,,,,,,,,,
,,,,,,,,,,,,,,
,,,,,,,,,,,,,,
,,,,,,,,,,,,,,
,,,,,,,,,,,,,,
,,,,,,,,,,,,,,
,,,,,,,,,,,,,,
,,,,,,,,,,,,,,
,,,,,,,,,,,,,,
,,,,,,,,,,,,,,
,,,,,,,,,,,,,,
,,,,,,,,,,,,,,
,,,,,,,,,,,,,,
,,,,,,,,,,,,,,
,,,,,,,,,,,,,,
ESP,Spain,BBW-P100-STAN,Data and voice mobile broadband subscriptions per 100 inhabitants,2009,2009,100HAB,Per 100 inhabitants,0,Units,,,31.745,,
ESP,Spain,BBW-P100-STAN,Data and voice mobile broadband subscriptions per 100 inhabitants,2010,2010,100HAB,Per 100 inhabitants,0,Units,,,8.087,,
ESP,Spain,BBW-P100-STAN,Data and voice mobile broadband subscriptions per 100 inhabitants,2011,2011,100HAB,Per 100 inhabitants,0,Units,,,39.408,,
ESP,Spain,BBW-P100-STAN,Data and voice mobile broadband subscriptions per 100 inhabitants,2012,2012,100HAB,Per 100 inhabitants,0,Units,,,32.93,,
ESP,Spain,BBW-P100-STAN,Data and voice mobile broadband subscriptions per 100 inhabitants,2013,2013,100HAB,Per 100 inhabitants,0,Units,,,45.383,,
ESP,Spain,BBW-P100-STAN,Data and voice mobile broadband subscriptions per 100 inhabitants,2014,2014,100HAB,Per 100 inhabitants,0,Units,,,52.947,,
ESP,Spain,BBW-P100-STAN,Data and voice mobile broadband subscriptions per 100 inhabitants,2015,2015,100HAB,Per 100 inhabitants,0,Units,,,80.527,,
ESP,Spain,BBW-P100-STAN,Data and voice mobile broadband subscriptions per 100 inhabitants,2016,2016,100HAB,Per 100 inhabitants,0,Units,,,85.638,,
ESP,Spain,BBW-P100-STAN,Data and voice mobile broadband subscriptions per 100 inhabitants,2017,2017,100HAB,Per 100 inhabitants,0,Units,,,91.232,,
,,,,,,,,,,,,,,
,,,,,,,,,,,,,,
,,,,,,,,,,,,,,
,,,,,,,,,,,,,,
,,,,,,,,,,,,,,
,,,,,,,,,,,,,,
,,,,,,,,,,,,,,
,,,,,,,,,,,,,,
,,,,,,,,,,,,,,
,,,,,,,,,,,,,,
,,,,,,,,,,,,,,
,,,,,,,,,,,,,,
,,,,,,,,,,,,,,
,,,,,,,,,,,,,,
,,,,,,,,,,,,,,
,,,,,,,,,,,,,,
,,,,,,,,,,,,,,
,,,,,,,,,,,,,,
SWE,Sweden,BBW-P100-STAN,Data and voice mobile broadband subscriptions per 100 inhabitants,2009,2009,100HAB,Per 100 inhabitants,0,Units,,,55.912,,
SWE,Sweden,BBW-P100-STAN,Data and voice mobile broadband subscriptions per 100 inhabitants,2010,2010,100HAB,Per 100 inhabitants,0,Units,,,65.696,,
SWE,Sweden,BBW-P100-STAN,Data and voice mobile broadband subscriptions per 100 inhabitants,2011,2011,100HAB,Per 100 inhabitants,0,Units,,,76.726,,
SWE,Sweden,BBW-P100-STAN,Data and voice mobile broadband subscriptions per 100 inhabitants,2012,2012,100HAB,Per 100 inhabitants,0,Units,,,82.757,,
SWE,Sweden,BBW-P100-STAN,Data and voice mobile broadband subscriptions per 100 inhabitants,2013,2013,100HAB,Per 100 inhabitants,0,Units,,,87.205,,
SWE,Sweden,BBW-P100-STAN,Data and voice mobile broadband subscriptions per 100 inhabitants,2014,2014,100HAB,Per 100 inhabitants,0,Units,,,92.728,,
SWE,Sweden,BBW-P100-STAN,Data and voice mobile broadband subscriptions per 100 inhabitants,2015,2015,100HAB,Per 100 inhabitants,0,Units,,,98.488,,
SWE,Sweden,BBW-P100-STAN,Data and voice mobile broadband subscriptions per 100 inhabitants,2016,2016,100HAB,Per 100 inhabitants,0,Units,,,101.389,,
SWE,Sweden,BBW-P100-STAN,Data and voice mobile broadband subscriptions per 100 inhabitants,2017,2017,100HAB,Per 100 inhabitants,0,Units,,,102.218,,
,,,,,,,,,,,,,,
,,,,,,,,,,,,,,
,,,,,,,,,,,,,,
,,,,,,,,,,,,,,
,,,,,,,,,,,,,,
,,,,,,,,,,,,,,
,,,,,,,,,,,,,,
,,,,,,,,,,,,,,
,,,,,,,,,,,,,,
,,,,,,,,,,,,,,
,,,,,,,,,,,,,,
,,,,,,,,,,,,,,
,,,,,,,,,,,,,,
,,,,,,,,,,,,,,
,,,,,,,,,,,,,,
,,,,,,,,,,,,,,
,,,,,,,,,,,,,,
,,,,,,,,,,,,,,
CHE,Switzerland,BBW-P100-STAN,Data and voice mobile broadband subscriptions per 100 inhabitants,2009,2009,100HAB,Per 100 inhabitants,0,Units,,,32.092,,
CHE,Switzerland,BBW-P100-STAN,Data and voice mobile broadband subscriptions per 100 inhabitants,2010,2010,100HAB,Per 100 inhabitants,0,Units,,,39.23,,
CHE,Switzerland,BBW-P100-STAN,Data and voice mobile broadband subscriptions per 100 inhabitants,2011,2011,100HAB,Per 100 inhabitants,0,Units,,,45.285,,
CHE,Switzerland,BBW-P100-STAN,Data and voice mobile broadband subscriptions per 100 inhabitants,2012,2012,100HAB,Per 100 inhabitants,0,Units,,,48.241,,
CHE,Switzerland,BBW-P100-STAN,Data and voice mobile broadband subscriptions per 100 inhabitants,2013,2013,100HAB,Per 100 inhabitants,0,Units,,,64.661,,
CHE,Switzerland,BBW-P100-STAN,Data and voice mobile broadband subscriptions per 100 inhabitants,2014,2014,100HAB,Per 100 inhabitants,0,Units,,,84.981,,
CHE,Switzerland,BBW-P100-STAN,Data and voice mobile broadband subscriptions per 100 inhabitants,2015,2015,100HAB,Per 100 inhabitants,0,Units,,,91.703,,
CHE,Switzerland,BBW-P100-STAN,Data and voice mobile broadband subscriptions per 100 inhabitants,2016,2016,100HAB,Per 100 inhabitants,0,Units,,,89.134,,
CHE,Switzerland,BBW-P100-STAN,Data and voice mobile broadband subscriptions per 100 inhabitants,2017,2017,100HAB,Per 100 inhabitants,0,Units,,,86.487,,
,,,,,,,,,,,,,,
,,,,,,,,,,,,,,
,,,,,,,,,,,,,,
,,,,,,,,,,,,,,
,,,,,,,,,,,,,,
,,,,,,,,,,,,,,
,,,,,,,,,,,,,,
,,,,,,,,,,,,,,
,,,,,,,,,,,,,,
,,,,,,,,,,,,,,
,,,,,,,,,,,,,,
,,,,,,,,,,,,,,
,,,,,,,,,,,,,,
,,,,,,,,,,,,,,
,,,,,,,,,,,,,,
,,,,,,,,,,,,,,
,,,,,,,,,,,,,,
,,,,,,,,,,,,,,
TUR,Turkey,BBW-P100-STAN,Data and voice mobile broadband subscriptions per 100 inhabitants,2009,2009,100HAB,Per 100 inhabitants,0,Units,,,3.419,,
TUR,Turkey,BBW-P100-STAN,Data and voice mobile broadband subscriptions per 100 inhabitants,2010,2010,100HAB,Per 100 inhabitants,0,Units,,,9.889,,
TUR,Turkey,BBW-P100-STAN,Data and voice mobile broadband subscriptions per 100 inhabitants,2011,2011,100HAB,Per 100 inhabitants,0,Units,,,17.797,,
TUR,Turkey,BBW-P100-STAN,Data and voice mobile broadband subscriptions per 100 inhabitants,2012,2012,100HAB,Per 100 inhabitants,0,Units,,,24.094,,
TUR,Turkey,BBW-P100-STAN,Data and voice mobile broadband subscriptions per 100 inhabitants,2013,2013,100HAB,Per 100 inhabitants,0,Units,,,29.657,,
TUR,Turkey,BBW-P100-STAN,Data and voice mobile broadband subscriptions per 100 inhabitants,2014,2014,100HAB,Per 100 inhabitants,0,Units,,,40.468,,
TUR,Turkey,BBW-P100-STAN,Data and voice mobile broadband subscriptions per 100 inhabitants,2015,2015,100HAB,Per 100 inhabitants,0,Units,,,48.386,,
TUR,Turkey,BBW-P100-STAN,Data and voice mobile broadband subscriptions per 100 inhabitants,2016,2016,100HAB,Per 100 inhabitants,0,Units,,,64.538,,
TUR,Turkey,BBW-P100-STAN,Data and voice mobile broadband subscriptions per 100 inhabitants,2017,2017,100HAB,Per 100 inhabitants,0,Units,,,71,,
,,,,,,,,,,,,,,
,,,,,,,,,,,,,,
,,,,,,,,,,,,,,
,,,,,,,,,,,,,,
,,,,,,,,,,,,,,
,,,,,,,,,,,,,,
,,,,,,,,,,,,,,
,,,,,,,,,,,,,,
,,,,,,,,,,,,,,
,,,,,,,,,,,,,,
,,,,,,,,,,,,,,
,,,,,,,,,,,,,,
,,,,,,,,,,,,,,
,,,,,,,,,,,,,,
,,,,,,,,,,,,,,
,,,,,,,,,,,,,,
,,,,,,,,,,,,,,
,,,,,,,,,,,,,,
GBR,United Kingdom,BBW-P100-STAN,Data and voice mobile broadband subscriptions per 100 inhabitants,2009,2009,100HAB,Per 100 inhabitants,0,Units,,,25.489,,
GBR,United Kingdom,BBW-P100-STAN,Data and voice mobile broadband subscriptions per 100 inhabitants,2010,2010,100HAB,Per 100 inhabitants,0,Units,,,35.724,,
GBR,United Kingdom,BBW-P100-STAN,Data and voice mobile broadband subscriptions per 100 inhabitants,2011,2011,100HAB,Per 100 inhabitants,0,Units,,,45.327,,
GBR,United Kingdom,BBW-P100-STAN,Data and voice mobile broadband subscriptions per 100 inhabitants,2012,2012,100HAB,Per 100 inhabitants,0,Units,,,57,,
GBR,United Kingdom,BBW-P100-STAN,Data and voice mobile broadband subscriptions per 100 inhabitants,2013,2013,100HAB,Per 100 inhabitants,0,Units,,,66.714,,
GBR,United Kingdom,BBW-P100-STAN,Data and voice mobile broadband subscriptions per 100 inhabitants,2014,2014,100HAB,Per 100 inhabitants,0,Units,,,74.092,,
GBR,United Kingdom,BBW-P100-STAN,Data and voice mobile broadband subscriptions per 100 inhabitants,2015,2015,100HAB,Per 100 inhabitants,0,Units,,,81.802,,
GBR,United Kingdom,BBW-P100-STAN,Data and voice mobile broadband subscriptions per 100 inhabitants,2016,2016,100HAB,Per 100 inhabitants,0,Units,,,81.842,,
GBR,United Kingdom,BBW-P100-STAN,Data and voice mobile broadband subscriptions per 100 inhabitants,2017,2017,100HAB,Per 100 inhabitants,0,Units,,,80.654,,
,,,,,,,,,,,,,,
,,,,,,,,,,,,,,
,,,,,,,,,,,,,,
,,,,,,,,,,,,,,
,,,,,,,,,,,,,,
,,,,,,,,,,,,,,
,,,,,,,,,,,,,,
,,,,,,,,,,,,,,
,,,,,,,,,,,,,,
,,,,,,,,,,,,,,
,,,,,,,,,,,,,,
,,,,,,,,,,,,,,
,,,,,,,,,,,,,,
,,,,,,,,,,,,,,
,,,,,,,,,,,,,,
,,,,,,,,,,,,,,
,,,,,,,,,,,,,,
,,,,,,,,,,,,,,
USA,United States,BBW-P100-STAN,Data and voice mobile broadband subscriptions per 100 inhabitants,2009,2009,100HAB,Per 100 inhabitants,0,Units,,,46.685,,
USA,United States,BBW-P100-STAN,Data and voice mobile broadband subscriptions per 100 inhabitants,2010,2010,100HAB,Per 100 inhabitants,0,Units,,,61.017,,
USA,United States,BBW-P100-STAN,Data and voice mobile broadband subscriptions per 100 inhabitants,2011,2011,100HAB,Per 100 inhabitants,0,Units,,,77.611,,
USA,United States,BBW-P100-STAN,Data and voice mobile broadband subscriptions per 100 inhabitants,2012,2012,100HAB,Per 100 inhabitants,0,Units,,,86.112,,
USA,United States,BBW-P100-STAN,Data and voice mobile broadband subscriptions per 100 inhabitants,2013,2013,100HAB,Per 100 inhabitants,0,Units,,,94.147,,
USA,United States,BBW-P100-STAN,Data and voice mobile broadband subscriptions per 100 inhabitants,2014,2014,100HAB,Per 100 inhabitants,0,Units,,,104.795,,
USA,United States,BBW-P100-STAN,Data and voice mobile broadband subscriptions per 100 inhabitants,2015,2015,100HAB,Per 100 inhabitants,0,Units,,,116.862,,
USA,United States,BBW-P100-STAN,Data and voice mobile broadband subscriptions per 100 inhabitants,2016,2016,100HAB,Per 100 inhabitants,0,Units,,,126.418,,
USA,United States,BBW-P100-STAN,Data and voice mobile broadband subscriptions per 100 inhabitants,2017,2017,100HAB,Per 100 inhabitants,0,Units,,,132.353,,
