LOCATION,Country,SECTOR,Sector / Industry,RESTYPE,Type of restriction,SERIES,Series,TIME,Year,FDI,Flag Codes,Flags
AUS,Australia,43,Total FDI Index,V,All types of restrictions,INDEX,Index total,2003,2003,0.246,,
AUS,Australia,43,Total FDI Index,V,All types of restrictions,INDEX,Index total,2006,2006,0.237,,
AUS,Australia,43,Total FDI Index,V,All types of restrictions,INDEX,Index total,2010,2010,0.128,,
AUS,Australia,43,Total FDI Index,V,All types of restrictions,INDEX,Index total,2011,2011,0.128,,
AUS,Australia,43,Total FDI Index,V,All types of restrictions,INDEX,Index total,2012,2012,0.128,,
AUS,Australia,43,Total FDI Index,V,All types of restrictions,INDEX,Index total,2013,2013,0.128,,
AUS,Australia,43,Total FDI Index,V,All types of restrictions,INDEX,Index total,2014,2014,0.127,,
AUS,Australia,43,Total FDI Index,V,All types of restrictions,INDEX,Index total,2015,2015,0.14,,
AUS,Australia,43,Total FDI Index,V,All types of restrictions,INDEX,Index total,2016,2016,0.146,,
AUS,Australia,43,Total FDI Index,V,All types of restrictions,INDEX,Index total,2017,2017,0.147,,
AUS,Australia,43,Total FDI Index,V,All types of restrictions,INDEX,Index total,2018,2018,0.149,,
AUT,Austria,43,Total FDI Index,V,All types of restrictions,INDEX,Index total,2003,2003,0.149,,
AUT,Austria,43,Total FDI Index,V,All types of restrictions,INDEX,Index total,2006,2006,0.149,,
AUT,Austria,43,Total FDI Index,V,All types of restrictions,INDEX,Index total,2010,2010,0.106,,
AUT,Austria,43,Total FDI Index,V,All types of restrictions,INDEX,Index total,2011,2011,0.106,,
AUT,Austria,43,Total FDI Index,V,All types of restrictions,INDEX,Index total,2012,2012,0.106,,
AUT,Austria,43,Total FDI Index,V,All types of restrictions,INDEX,Index total,2013,2013,0.106,,
AUT,Austria,43,Total FDI Index,V,All types of restrictions,INDEX,Index total,2014,2014,0.106,,
AUT,Austria,43,Total FDI Index,V,All types of restrictions,INDEX,Index total,2015,2015,0.106,,
AUT,Austria,43,Total FDI Index,V,All types of restrictions,INDEX,Index total,2016,2016,0.106,,
AUT,Austria,43,Total FDI Index,V,All types of restrictions,INDEX,Index total,2017,2017,0.106,,
AUT,Austria,43,Total FDI Index,V,All types of restrictions,INDEX,Index total,2018,2018,0.106,,
BEL,Belgium,43,Total FDI Index,V,All types of restrictions,INDEX,Index total,2003,2003,0.046,,
BEL,Belgium,43,Total FDI Index,V,All types of restrictions,INDEX,Index total,2006,2006,0.042,,
BEL,Belgium,43,Total FDI Index,V,All types of restrictions,INDEX,Index total,2010,2010,0.04,,
BEL,Belgium,43,Total FDI Index,V,All types of restrictions,INDEX,Index total,2011,2011,0.04,,
BEL,Belgium,43,Total FDI Index,V,All types of restrictions,INDEX,Index total,2012,2012,0.04,,
BEL,Belgium,43,Total FDI Index,V,All types of restrictions,INDEX,Index total,2013,2013,0.04,,
BEL,Belgium,43,Total FDI Index,V,All types of restrictions,INDEX,Index total,2014,2014,0.04,,
BEL,Belgium,43,Total FDI Index,V,All types of restrictions,INDEX,Index total,2015,2015,0.04,,
BEL,Belgium,43,Total FDI Index,V,All types of restrictions,INDEX,Index total,2016,2016,0.04,,
BEL,Belgium,43,Total FDI Index,V,All types of restrictions,INDEX,Index total,2017,2017,0.04,,
BEL,Belgium,43,Total FDI Index,V,All types of restrictions,INDEX,Index total,2018,2018,0.04,,
CAN,Canada,43,Total FDI Index,V,All types of restrictions,INDEX,Index total,2003,2003,0.263,,
CAN,Canada,43,Total FDI Index,V,All types of restrictions,INDEX,Index total,2006,2006,0.263,,
CAN,Canada,43,Total FDI Index,V,All types of restrictions,INDEX,Index total,2010,2010,0.175,,
CAN,Canada,43,Total FDI Index,V,All types of restrictions,INDEX,Index total,2011,2011,0.175,,
CAN,Canada,43,Total FDI Index,V,All types of restrictions,INDEX,Index total,2012,2012,0.173,,
CAN,Canada,43,Total FDI Index,V,All types of restrictions,INDEX,Index total,2013,2013,0.173,,
CAN,Canada,43,Total FDI Index,V,All types of restrictions,INDEX,Index total,2014,2014,0.173,,
CAN,Canada,43,Total FDI Index,V,All types of restrictions,INDEX,Index total,2015,2015,0.166,,
CAN,Canada,43,Total FDI Index,V,All types of restrictions,INDEX,Index total,2016,2016,0.166,,
CAN,Canada,43,Total FDI Index,V,All types of restrictions,INDEX,Index total,2017,2017,0.162,,
CAN,Canada,43,Total FDI Index,V,All types of restrictions,INDEX,Index total,2018,2018,0.161,,
CZE,Czech Republic,43,Total FDI Index,V,All types of restrictions,INDEX,Index total,2003,2003,0.023,,
CZE,Czech Republic,43,Total FDI Index,V,All types of restrictions,INDEX,Index total,2006,2006,0.023,,
CZE,Czech Republic,43,Total FDI Index,V,All types of restrictions,INDEX,Index total,2010,2010,0.012,,
CZE,Czech Republic,43,Total FDI Index,V,All types of restrictions,INDEX,Index total,2011,2011,0.01,,
CZE,Czech Republic,43,Total FDI Index,V,All types of restrictions,INDEX,Index total,2012,2012,0.01,,
CZE,Czech Republic,43,Total FDI Index,V,All types of restrictions,INDEX,Index total,2013,2013,0.01,,
CZE,Czech Republic,43,Total FDI Index,V,All types of restrictions,INDEX,Index total,2014,2014,0.01,,
CZE,Czech Republic,43,Total FDI Index,V,All types of restrictions,INDEX,Index total,2015,2015,0.01,,
CZE,Czech Republic,43,Total FDI Index,V,All types of restrictions,INDEX,Index total,2016,2016,0.01,,
CZE,Czech Republic,43,Total FDI Index,V,All types of restrictions,INDEX,Index total,2017,2017,0.01,,
CZE,Czech Republic,43,Total FDI Index,V,All types of restrictions,INDEX,Index total,2018,2018,0.01,,
DNK,Denmark,43,Total FDI Index,V,All types of restrictions,INDEX,Index total,2003,2003,0.038,,
DNK,Denmark,43,Total FDI Index,V,All types of restrictions,INDEX,Index total,2006,2006,0.038,,
DNK,Denmark,43,Total FDI Index,V,All types of restrictions,INDEX,Index total,2010,2010,0.033,,
DNK,Denmark,43,Total FDI Index,V,All types of restrictions,INDEX,Index total,2011,2011,0.033,,
DNK,Denmark,43,Total FDI Index,V,All types of restrictions,INDEX,Index total,2012,2012,0.033,,
DNK,Denmark,43,Total FDI Index,V,All types of restrictions,INDEX,Index total,2013,2013,0.033,,
DNK,Denmark,43,Total FDI Index,V,All types of restrictions,INDEX,Index total,2014,2014,0.033,,
DNK,Denmark,43,Total FDI Index,V,All types of restrictions,INDEX,Index total,2015,2015,0.033,,
DNK,Denmark,43,Total FDI Index,V,All types of restrictions,INDEX,Index total,2016,2016,0.033,,
DNK,Denmark,43,Total FDI Index,V,All types of restrictions,INDEX,Index total,2017,2017,0.033,,
DNK,Denmark,43,Total FDI Index,V,All types of restrictions,INDEX,Index total,2018,2018,0.033,,
FIN,Finland,43,Total FDI Index,V,All types of restrictions,INDEX,Index total,2003,2003,0.178,,
FIN,Finland,43,Total FDI Index,V,All types of restrictions,INDEX,Index total,2006,2006,0.055,,
FIN,Finland,43,Total FDI Index,V,All types of restrictions,INDEX,Index total,2010,2010,0.019,,
FIN,Finland,43,Total FDI Index,V,All types of restrictions,INDEX,Index total,2011,2011,0.019,,
FIN,Finland,43,Total FDI Index,V,All types of restrictions,INDEX,Index total,2012,2012,0.019,,
FIN,Finland,43,Total FDI Index,V,All types of restrictions,INDEX,Index total,2013,2013,0.019,,
FIN,Finland,43,Total FDI Index,V,All types of restrictions,INDEX,Index total,2014,2014,0.019,,
FIN,Finland,43,Total FDI Index,V,All types of restrictions,INDEX,Index total,2015,2015,0.019,,
FIN,Finland,43,Total FDI Index,V,All types of restrictions,INDEX,Index total,2016,2016,0.019,,
FIN,Finland,43,Total FDI Index,V,All types of restrictions,INDEX,Index total,2017,2017,0.019,,
FIN,Finland,43,Total FDI Index,V,All types of restrictions,INDEX,Index total,2018,2018,0.019,,
FRA,France,43,Total FDI Index,V,All types of restrictions,INDEX,Index total,2003,2003,0.055,,
FRA,France,43,Total FDI Index,V,All types of restrictions,INDEX,Index total,2006,2006,0.045,,
FRA,France,43,Total FDI Index,V,All types of restrictions,INDEX,Index total,2010,2010,0.045,,
FRA,France,43,Total FDI Index,V,All types of restrictions,INDEX,Index total,2011,2011,0.045,,
FRA,France,43,Total FDI Index,V,All types of restrictions,INDEX,Index total,2012,2012,0.045,,
FRA,France,43,Total FDI Index,V,All types of restrictions,INDEX,Index total,2013,2013,0.045,,
FRA,France,43,Total FDI Index,V,All types of restrictions,INDEX,Index total,2014,2014,0.045,,
FRA,France,43,Total FDI Index,V,All types of restrictions,INDEX,Index total,2015,2015,0.045,,
FRA,France,43,Total FDI Index,V,All types of restrictions,INDEX,Index total,2016,2016,0.045,,
FRA,France,43,Total FDI Index,V,All types of restrictions,INDEX,Index total,2017,2017,0.045,,
FRA,France,43,Total FDI Index,V,All types of restrictions,INDEX,Index total,2018,2018,0.045,,
DEU,Germany,43,Total FDI Index,V,All types of restrictions,INDEX,Index total,2003,2003,0.03,,
DEU,Germany,43,Total FDI Index,V,All types of restrictions,INDEX,Index total,2006,2006,0.03,,
DEU,Germany,43,Total FDI Index,V,All types of restrictions,INDEX,Index total,2010,2010,0.023,,
DEU,Germany,43,Total FDI Index,V,All types of restrictions,INDEX,Index total,2011,2011,0.023,,
DEU,Germany,43,Total FDI Index,V,All types of restrictions,INDEX,Index total,2012,2012,0.023,,
DEU,Germany,43,Total FDI Index,V,All types of restrictions,INDEX,Index total,2013,2013,0.023,,
DEU,Germany,43,Total FDI Index,V,All types of restrictions,INDEX,Index total,2014,2014,0.023,,
DEU,Germany,43,Total FDI Index,V,All types of restrictions,INDEX,Index total,2015,2015,0.023,,
DEU,Germany,43,Total FDI Index,V,All types of restrictions,INDEX,Index total,2016,2016,0.023,,
DEU,Germany,43,Total FDI Index,V,All types of restrictions,INDEX,Index total,2017,2017,0.023,,
DEU,Germany,43,Total FDI Index,V,All types of restrictions,INDEX,Index total,2018,2018,0.023,,
GRC,Greece,43,Total FDI Index,V,All types of restrictions,INDEX,Index total,2003,2003,0.071,,
GRC,Greece,43,Total FDI Index,V,All types of restrictions,INDEX,Index total,2006,2006,0.051,,
GRC,Greece,43,Total FDI Index,V,All types of restrictions,INDEX,Index total,2010,2010,0.032,,
GRC,Greece,43,Total FDI Index,V,All types of restrictions,INDEX,Index total,2011,2011,0.032,,
GRC,Greece,43,Total FDI Index,V,All types of restrictions,INDEX,Index total,2012,2012,0.032,,
GRC,Greece,43,Total FDI Index,V,All types of restrictions,INDEX,Index total,2013,2013,0.032,,
GRC,Greece,43,Total FDI Index,V,All types of restrictions,INDEX,Index total,2014,2014,0.032,,
GRC,Greece,43,Total FDI Index,V,All types of restrictions,INDEX,Index total,2015,2015,0.032,,
GRC,Greece,43,Total FDI Index,V,All types of restrictions,INDEX,Index total,2016,2016,0.032,,
GRC,Greece,43,Total FDI Index,V,All types of restrictions,INDEX,Index total,2017,2017,0.032,,
GRC,Greece,43,Total FDI Index,V,All types of restrictions,INDEX,Index total,2018,2018,0.032,,
HUN,Hungary,43,Total FDI Index,V,All types of restrictions,INDEX,Index total,2003,2003,0.061,,
HUN,Hungary,43,Total FDI Index,V,All types of restrictions,INDEX,Index total,2006,2006,0.061,,
HUN,Hungary,43,Total FDI Index,V,All types of restrictions,INDEX,Index total,2010,2010,0.029,,
HUN,Hungary,43,Total FDI Index,V,All types of restrictions,INDEX,Index total,2011,2011,0.029,,
HUN,Hungary,43,Total FDI Index,V,All types of restrictions,INDEX,Index total,2012,2012,0.029,,
HUN,Hungary,43,Total FDI Index,V,All types of restrictions,INDEX,Index total,2013,2013,0.029,,
HUN,Hungary,43,Total FDI Index,V,All types of restrictions,INDEX,Index total,2014,2014,0.029,,
HUN,Hungary,43,Total FDI Index,V,All types of restrictions,INDEX,Index total,2015,2015,0.029,,
HUN,Hungary,43,Total FDI Index,V,All types of restrictions,INDEX,Index total,2016,2016,0.029,,
HUN,Hungary,43,Total FDI Index,V,All types of restrictions,INDEX,Index total,2017,2017,0.029,,
HUN,Hungary,43,Total FDI Index,V,All types of restrictions,INDEX,Index total,2018,2018,0.029,,
ISL,Iceland,43,Total FDI Index,V,All types of restrictions,INDEX,Index total,2003,2003,0.167,,
ISL,Iceland,43,Total FDI Index,V,All types of restrictions,INDEX,Index total,2006,2006,0.167,,
ISL,Iceland,43,Total FDI Index,V,All types of restrictions,INDEX,Index total,2010,2010,0.167,,
ISL,Iceland,43,Total FDI Index,V,All types of restrictions,INDEX,Index total,2011,2011,0.167,,
ISL,Iceland,43,Total FDI Index,V,All types of restrictions,INDEX,Index total,2012,2012,0.167,,
ISL,Iceland,43,Total FDI Index,V,All types of restrictions,INDEX,Index total,2013,2013,0.167,,
ISL,Iceland,43,Total FDI Index,V,All types of restrictions,INDEX,Index total,2014,2014,0.167,,
ISL,Iceland,43,Total FDI Index,V,All types of restrictions,INDEX,Index total,2015,2015,0.167,,
ISL,Iceland,43,Total FDI Index,V,All types of restrictions,INDEX,Index total,2016,2016,0.167,,
ISL,Iceland,43,Total FDI Index,V,All types of restrictions,INDEX,Index total,2017,2017,0.167,,
ISL,Iceland,43,Total FDI Index,V,All types of restrictions,INDEX,Index total,2018,2018,0.167,,
IRL,Ireland,43,Total FDI Index,V,All types of restrictions,INDEX,Index total,2003,2003,0.05,,
IRL,Ireland,43,Total FDI Index,V,All types of restrictions,INDEX,Index total,2006,2006,0.05,,
IRL,Ireland,43,Total FDI Index,V,All types of restrictions,INDEX,Index total,2010,2010,0.043,,
IRL,Ireland,43,Total FDI Index,V,All types of restrictions,INDEX,Index total,2011,2011,0.043,,
IRL,Ireland,43,Total FDI Index,V,All types of restrictions,INDEX,Index total,2012,2012,0.043,,
IRL,Ireland,43,Total FDI Index,V,All types of restrictions,INDEX,Index total,2013,2013,0.043,,
IRL,Ireland,43,Total FDI Index,V,All types of restrictions,INDEX,Index total,2014,2014,0.043,,
IRL,Ireland,43,Total FDI Index,V,All types of restrictions,INDEX,Index total,2015,2015,0.043,,
IRL,Ireland,43,Total FDI Index,V,All types of restrictions,INDEX,Index total,2016,2016,0.043,,
IRL,Ireland,43,Total FDI Index,V,All types of restrictions,INDEX,Index total,2017,2017,0.043,,
IRL,Ireland,43,Total FDI Index,V,All types of restrictions,INDEX,Index total,2018,2018,0.043,,
ITA,Italy,43,Total FDI Index,V,All types of restrictions,INDEX,Index total,2003,2003,0.058,,
ITA,Italy,43,Total FDI Index,V,All types of restrictions,INDEX,Index total,2006,2006,0.054,,
ITA,Italy,43,Total FDI Index,V,All types of restrictions,INDEX,Index total,2010,2010,0.052,,
ITA,Italy,43,Total FDI Index,V,All types of restrictions,INDEX,Index total,2011,2011,0.052,,
ITA,Italy,43,Total FDI Index,V,All types of restrictions,INDEX,Index total,2012,2012,0.052,,
ITA,Italy,43,Total FDI Index,V,All types of restrictions,INDEX,Index total,2013,2013,0.052,,
ITA,Italy,43,Total FDI Index,V,All types of restrictions,INDEX,Index total,2014,2014,0.052,,
ITA,Italy,43,Total FDI Index,V,All types of restrictions,INDEX,Index total,2015,2015,0.052,,
ITA,Italy,43,Total FDI Index,V,All types of restrictions,INDEX,Index total,2016,2016,0.052,,
ITA,Italy,43,Total FDI Index,V,All types of restrictions,INDEX,Index total,2017,2017,0.052,,
ITA,Italy,43,Total FDI Index,V,All types of restrictions,INDEX,Index total,2018,2018,0.052,,
JPN,Japan,43,Total FDI Index,V,All types of restrictions,INDEX,Index total,2003,2003,0.064,,
JPN,Japan,43,Total FDI Index,V,All types of restrictions,INDEX,Index total,2006,2006,0.057,,
JPN,Japan,43,Total FDI Index,V,All types of restrictions,INDEX,Index total,2010,2010,0.052,,
JPN,Japan,43,Total FDI Index,V,All types of restrictions,INDEX,Index total,2011,2011,0.052,,
JPN,Japan,43,Total FDI Index,V,All types of restrictions,INDEX,Index total,2012,2012,0.052,,
JPN,Japan,43,Total FDI Index,V,All types of restrictions,INDEX,Index total,2013,2013,0.052,,
JPN,Japan,43,Total FDI Index,V,All types of restrictions,INDEX,Index total,2014,2014,0.052,,
JPN,Japan,43,Total FDI Index,V,All types of restrictions,INDEX,Index total,2015,2015,0.052,,
JPN,Japan,43,Total FDI Index,V,All types of restrictions,INDEX,Index total,2016,2016,0.052,,
JPN,Japan,43,Total FDI Index,V,All types of restrictions,INDEX,Index total,2017,2017,0.052,,
JPN,Japan,43,Total FDI Index,V,All types of restrictions,INDEX,Index total,2018,2018,0.052,,
KOR,Korea,43,Total FDI Index,V,All types of restrictions,INDEX,Index total,2003,2003,0.148,,
KOR,Korea,43,Total FDI Index,V,All types of restrictions,INDEX,Index total,2006,2006,0.143,,
KOR,Korea,43,Total FDI Index,V,All types of restrictions,INDEX,Index total,2010,2010,0.143,,
KOR,Korea,43,Total FDI Index,V,All types of restrictions,INDEX,Index total,2011,2011,0.143,,
KOR,Korea,43,Total FDI Index,V,All types of restrictions,INDEX,Index total,2012,2012,0.143,,
KOR,Korea,43,Total FDI Index,V,All types of restrictions,INDEX,Index total,2013,2013,0.135,,
KOR,Korea,43,Total FDI Index,V,All types of restrictions,INDEX,Index total,2014,2014,0.135,,
KOR,Korea,43,Total FDI Index,V,All types of restrictions,INDEX,Index total,2015,2015,0.135,,
KOR,Korea,43,Total FDI Index,V,All types of restrictions,INDEX,Index total,2016,2016,0.135,,
KOR,Korea,43,Total FDI Index,V,All types of restrictions,INDEX,Index total,2017,2017,0.135,,
KOR,Korea,43,Total FDI Index,V,All types of restrictions,INDEX,Index total,2018,2018,0.135,,
LUX,Luxembourg,43,Total FDI Index,V,All types of restrictions,INDEX,Index total,2003,2003,0.004,,
LUX,Luxembourg,43,Total FDI Index,V,All types of restrictions,INDEX,Index total,2006,2006,0.004,,
LUX,Luxembourg,43,Total FDI Index,V,All types of restrictions,INDEX,Index total,2010,2010,0.004,,
LUX,Luxembourg,43,Total FDI Index,V,All types of restrictions,INDEX,Index total,2011,2011,0.004,,
LUX,Luxembourg,43,Total FDI Index,V,All types of restrictions,INDEX,Index total,2012,2012,0.004,,
LUX,Luxembourg,43,Total FDI Index,V,All types of restrictions,INDEX,Index total,2013,2013,0.004,,
LUX,Luxembourg,43,Total FDI Index,V,All types of restrictions,INDEX,Index total,2014,2014,0.004,,
LUX,Luxembourg,43,Total FDI Index,V,All types of restrictions,INDEX,Index total,2015,2015,0.004,,
LUX,Luxembourg,43,Total FDI Index,V,All types of restrictions,INDEX,Index total,2016,2016,0.004,,
LUX,Luxembourg,43,Total FDI Index,V,All types of restrictions,INDEX,Index total,2017,2017,0.004,,
LUX,Luxembourg,43,Total FDI Index,V,All types of restrictions,INDEX,Index total,2018,2018,0.004,,
MEX,Mexico,43,Total FDI Index,V,All types of restrictions,INDEX,Index total,2003,2003,0.245,,
MEX,Mexico,43,Total FDI Index,V,All types of restrictions,INDEX,Index total,2006,2006,0.211,,
MEX,Mexico,43,Total FDI Index,V,All types of restrictions,INDEX,Index total,2010,2010,0.211,,
MEX,Mexico,43,Total FDI Index,V,All types of restrictions,INDEX,Index total,2011,2011,0.211,,
MEX,Mexico,43,Total FDI Index,V,All types of restrictions,INDEX,Index total,2012,2012,0.211,,
MEX,Mexico,43,Total FDI Index,V,All types of restrictions,INDEX,Index total,2013,2013,0.193,,
MEX,Mexico,43,Total FDI Index,V,All types of restrictions,INDEX,Index total,2014,2014,0.193,,
MEX,Mexico,43,Total FDI Index,V,All types of restrictions,INDEX,Index total,2015,2015,0.193,,
MEX,Mexico,43,Total FDI Index,V,All types of restrictions,INDEX,Index total,2016,2016,0.189,,
MEX,Mexico,43,Total FDI Index,V,All types of restrictions,INDEX,Index total,2017,2017,0.188,,
MEX,Mexico,43,Total FDI Index,V,All types of restrictions,INDEX,Index total,2018,2018,0.188,,
NLD,Netherlands,43,Total FDI Index,V,All types of restrictions,INDEX,Index total,2003,2003,0.02,,
NLD,Netherlands,43,Total FDI Index,V,All types of restrictions,INDEX,Index total,2006,2006,0.02,,
NLD,Netherlands,43,Total FDI Index,V,All types of restrictions,INDEX,Index total,2010,2010,0.015,,
NLD,Netherlands,43,Total FDI Index,V,All types of restrictions,INDEX,Index total,2011,2011,0.015,,
NLD,Netherlands,43,Total FDI Index,V,All types of restrictions,INDEX,Index total,2012,2012,0.015,,
NLD,Netherlands,43,Total FDI Index,V,All types of restrictions,INDEX,Index total,2013,2013,0.015,,
NLD,Netherlands,43,Total FDI Index,V,All types of restrictions,INDEX,Index total,2014,2014,0.015,,
NLD,Netherlands,43,Total FDI Index,V,All types of restrictions,INDEX,Index total,2015,2015,0.015,,
NLD,Netherlands,43,Total FDI Index,V,All types of restrictions,INDEX,Index total,2016,2016,0.015,,
NLD,Netherlands,43,Total FDI Index,V,All types of restrictions,INDEX,Index total,2017,2017,0.015,,
NLD,Netherlands,43,Total FDI Index,V,All types of restrictions,INDEX,Index total,2018,2018,0.015,,
NZL,New Zealand,43,Total FDI Index,V,All types of restrictions,INDEX,Index total,2003,2003,0.24,,
NZL,New Zealand,43,Total FDI Index,V,All types of restrictions,INDEX,Index total,2006,2006,0.24,,
NZL,New Zealand,43,Total FDI Index,V,All types of restrictions,INDEX,Index total,2010,2010,0.24,,
NZL,New Zealand,43,Total FDI Index,V,All types of restrictions,INDEX,Index total,2011,2011,0.24,,
NZL,New Zealand,43,Total FDI Index,V,All types of restrictions,INDEX,Index total,2012,2012,0.24,,
NZL,New Zealand,43,Total FDI Index,V,All types of restrictions,INDEX,Index total,2013,2013,0.24,,
NZL,New Zealand,43,Total FDI Index,V,All types of restrictions,INDEX,Index total,2014,2014,0.24,,
NZL,New Zealand,43,Total FDI Index,V,All types of restrictions,INDEX,Index total,2015,2015,0.24,,
NZL,New Zealand,43,Total FDI Index,V,All types of restrictions,INDEX,Index total,2016,2016,0.24,,
NZL,New Zealand,43,Total FDI Index,V,All types of restrictions,INDEX,Index total,2017,2017,0.231,,
NZL,New Zealand,43,Total FDI Index,V,All types of restrictions,INDEX,Index total,2018,2018,0.235,,
NOR,Norway,43,Total FDI Index,V,All types of restrictions,INDEX,Index total,2003,2003,0.094,,
NOR,Norway,43,Total FDI Index,V,All types of restrictions,INDEX,Index total,2006,2006,0.094,,
NOR,Norway,43,Total FDI Index,V,All types of restrictions,INDEX,Index total,2010,2010,0.085,,
NOR,Norway,43,Total FDI Index,V,All types of restrictions,INDEX,Index total,2011,2011,0.085,,
NOR,Norway,43,Total FDI Index,V,All types of restrictions,INDEX,Index total,2012,2012,0.085,,
NOR,Norway,43,Total FDI Index,V,All types of restrictions,INDEX,Index total,2013,2013,0.085,,
NOR,Norway,43,Total FDI Index,V,All types of restrictions,INDEX,Index total,2014,2014,0.085,,
NOR,Norway,43,Total FDI Index,V,All types of restrictions,INDEX,Index total,2015,2015,0.085,,
NOR,Norway,43,Total FDI Index,V,All types of restrictions,INDEX,Index total,2016,2016,0.085,,
NOR,Norway,43,Total FDI Index,V,All types of restrictions,INDEX,Index total,2017,2017,0.085,,
NOR,Norway,43,Total FDI Index,V,All types of restrictions,INDEX,Index total,2018,2018,0.085,,
POL,Poland,43,Total FDI Index,V,All types of restrictions,INDEX,Index total,2003,2003,0.083,,
POL,Poland,43,Total FDI Index,V,All types of restrictions,INDEX,Index total,2006,2006,0.076,,
POL,Poland,43,Total FDI Index,V,All types of restrictions,INDEX,Index total,2010,2010,0.072,,
POL,Poland,43,Total FDI Index,V,All types of restrictions,INDEX,Index total,2011,2011,0.072,,
POL,Poland,43,Total FDI Index,V,All types of restrictions,INDEX,Index total,2012,2012,0.072,,
POL,Poland,43,Total FDI Index,V,All types of restrictions,INDEX,Index total,2013,2013,0.072,,
POL,Poland,43,Total FDI Index,V,All types of restrictions,INDEX,Index total,2014,2014,0.072,,
POL,Poland,43,Total FDI Index,V,All types of restrictions,INDEX,Index total,2015,2015,0.072,,
POL,Poland,43,Total FDI Index,V,All types of restrictions,INDEX,Index total,2016,2016,0.072,,
POL,Poland,43,Total FDI Index,V,All types of restrictions,INDEX,Index total,2017,2017,0.072,,
POL,Poland,43,Total FDI Index,V,All types of restrictions,INDEX,Index total,2018,2018,0.072,,
PRT,Portugal,43,Total FDI Index,V,All types of restrictions,INDEX,Index total,2003,2003,0.043,,
PRT,Portugal,43,Total FDI Index,V,All types of restrictions,INDEX,Index total,2006,2006,0.007,,
PRT,Portugal,43,Total FDI Index,V,All types of restrictions,INDEX,Index total,2010,2010,0.007,,
PRT,Portugal,43,Total FDI Index,V,All types of restrictions,INDEX,Index total,2011,2011,0.007,,
PRT,Portugal,43,Total FDI Index,V,All types of restrictions,INDEX,Index total,2012,2012,0.007,,
PRT,Portugal,43,Total FDI Index,V,All types of restrictions,INDEX,Index total,2013,2013,0.007,,
PRT,Portugal,43,Total FDI Index,V,All types of restrictions,INDEX,Index total,2014,2014,0.007,,
PRT,Portugal,43,Total FDI Index,V,All types of restrictions,INDEX,Index total,2015,2015,0.007,,
PRT,Portugal,43,Total FDI Index,V,All types of restrictions,INDEX,Index total,2016,2016,0.007,,
PRT,Portugal,43,Total FDI Index,V,All types of restrictions,INDEX,Index total,2017,2017,0.007,,
PRT,Portugal,43,Total FDI Index,V,All types of restrictions,INDEX,Index total,2018,2018,0.007,,
SVK,Slovak Republic,43,Total FDI Index,V,All types of restrictions,INDEX,Index total,2003,2003,0.055,,
SVK,Slovak Republic,43,Total FDI Index,V,All types of restrictions,INDEX,Index total,2006,2006,0.049,,
SVK,Slovak Republic,43,Total FDI Index,V,All types of restrictions,INDEX,Index total,2010,2010,0.049,,
SVK,Slovak Republic,43,Total FDI Index,V,All types of restrictions,INDEX,Index total,2011,2011,0.049,,
SVK,Slovak Republic,43,Total FDI Index,V,All types of restrictions,INDEX,Index total,2012,2012,0.049,,
SVK,Slovak Republic,43,Total FDI Index,V,All types of restrictions,INDEX,Index total,2013,2013,0.049,,
SVK,Slovak Republic,43,Total FDI Index,V,All types of restrictions,INDEX,Index total,2014,2014,0.049,,
SVK,Slovak Republic,43,Total FDI Index,V,All types of restrictions,INDEX,Index total,2015,2015,0.049,,
SVK,Slovak Republic,43,Total FDI Index,V,All types of restrictions,INDEX,Index total,2016,2016,0.049,,
SVK,Slovak Republic,43,Total FDI Index,V,All types of restrictions,INDEX,Index total,2017,2017,0.049,,
SVK,Slovak Republic,43,Total FDI Index,V,All types of restrictions,INDEX,Index total,2018,2018,0.049,,
ESP,Spain,43,Total FDI Index,V,All types of restrictions,INDEX,Index total,2003,2003,0.036,,
ESP,Spain,43,Total FDI Index,V,All types of restrictions,INDEX,Index total,2006,2006,0.036,,
ESP,Spain,43,Total FDI Index,V,All types of restrictions,INDEX,Index total,2010,2010,0.021,,
ESP,Spain,43,Total FDI Index,V,All types of restrictions,INDEX,Index total,2011,2011,0.021,,
ESP,Spain,43,Total FDI Index,V,All types of restrictions,INDEX,Index total,2012,2012,0.021,,
ESP,Spain,43,Total FDI Index,V,All types of restrictions,INDEX,Index total,2013,2013,0.021,,
ESP,Spain,43,Total FDI Index,V,All types of restrictions,INDEX,Index total,2014,2014,0.021,,
ESP,Spain,43,Total FDI Index,V,All types of restrictions,INDEX,Index total,2015,2015,0.021,,
ESP,Spain,43,Total FDI Index,V,All types of restrictions,INDEX,Index total,2016,2016,0.021,,
ESP,Spain,43,Total FDI Index,V,All types of restrictions,INDEX,Index total,2017,2017,0.021,,
ESP,Spain,43,Total FDI Index,V,All types of restrictions,INDEX,Index total,2018,2018,0.021,,
SWE,Sweden,43,Total FDI Index,V,All types of restrictions,INDEX,Index total,2003,2003,0.079,,
SWE,Sweden,43,Total FDI Index,V,All types of restrictions,INDEX,Index total,2006,2006,0.079,,
SWE,Sweden,43,Total FDI Index,V,All types of restrictions,INDEX,Index total,2010,2010,0.059,,
SWE,Sweden,43,Total FDI Index,V,All types of restrictions,INDEX,Index total,2011,2011,0.059,,
SWE,Sweden,43,Total FDI Index,V,All types of restrictions,INDEX,Index total,2012,2012,0.059,,
SWE,Sweden,43,Total FDI Index,V,All types of restrictions,INDEX,Index total,2013,2013,0.059,,
SWE,Sweden,43,Total FDI Index,V,All types of restrictions,INDEX,Index total,2014,2014,0.059,,
SWE,Sweden,43,Total FDI Index,V,All types of restrictions,INDEX,Index total,2015,2015,0.059,,
SWE,Sweden,43,Total FDI Index,V,All types of restrictions,INDEX,Index total,2016,2016,0.059,,
SWE,Sweden,43,Total FDI Index,V,All types of restrictions,INDEX,Index total,2017,2017,0.059,,
SWE,Sweden,43,Total FDI Index,V,All types of restrictions,INDEX,Index total,2018,2018,0.059,,
CHE,Switzerland,43,Total FDI Index,V,All types of restrictions,INDEX,Index total,2003,2003,0.154,,
CHE,Switzerland,43,Total FDI Index,V,All types of restrictions,INDEX,Index total,2006,2006,0.154,,
CHE,Switzerland,43,Total FDI Index,V,All types of restrictions,INDEX,Index total,2010,2010,0.083,,
CHE,Switzerland,43,Total FDI Index,V,All types of restrictions,INDEX,Index total,2011,2011,0.083,,
CHE,Switzerland,43,Total FDI Index,V,All types of restrictions,INDEX,Index total,2012,2012,0.083,,
CHE,Switzerland,43,Total FDI Index,V,All types of restrictions,INDEX,Index total,2013,2013,0.083,,
CHE,Switzerland,43,Total FDI Index,V,All types of restrictions,INDEX,Index total,2014,2014,0.083,,
CHE,Switzerland,43,Total FDI Index,V,All types of restrictions,INDEX,Index total,2015,2015,0.083,,
CHE,Switzerland,43,Total FDI Index,V,All types of restrictions,INDEX,Index total,2016,2016,0.083,,
CHE,Switzerland,43,Total FDI Index,V,All types of restrictions,INDEX,Index total,2017,2017,0.083,,
CHE,Switzerland,43,Total FDI Index,V,All types of restrictions,INDEX,Index total,2018,2018,0.083,,
TUR,Turkey,43,Total FDI Index,V,All types of restrictions,INDEX,Index total,2003,2003,0.283,,
TUR,Turkey,43,Total FDI Index,V,All types of restrictions,INDEX,Index total,2006,2006,0.105,,
TUR,Turkey,43,Total FDI Index,V,All types of restrictions,INDEX,Index total,2010,2010,0.082,,
TUR,Turkey,43,Total FDI Index,V,All types of restrictions,INDEX,Index total,2011,2011,0.08,,
TUR,Turkey,43,Total FDI Index,V,All types of restrictions,INDEX,Index total,2012,2012,0.059,,
TUR,Turkey,43,Total FDI Index,V,All types of restrictions,INDEX,Index total,2013,2013,0.059,,
TUR,Turkey,43,Total FDI Index,V,All types of restrictions,INDEX,Index total,2014,2014,0.059,,
TUR,Turkey,43,Total FDI Index,V,All types of restrictions,INDEX,Index total,2015,2015,0.059,,
TUR,Turkey,43,Total FDI Index,V,All types of restrictions,INDEX,Index total,2016,2016,0.059,,
TUR,Turkey,43,Total FDI Index,V,All types of restrictions,INDEX,Index total,2017,2017,0.059,,
TUR,Turkey,43,Total FDI Index,V,All types of restrictions,INDEX,Index total,2018,2018,0.059,,
GBR,United Kingdom,43,Total FDI Index,V,All types of restrictions,INDEX,Index total,2003,2003,0.059,,
GBR,United Kingdom,43,Total FDI Index,V,All types of restrictions,INDEX,Index total,2006,2006,0.056,,
GBR,United Kingdom,43,Total FDI Index,V,All types of restrictions,INDEX,Index total,2010,2010,0.04,,
GBR,United Kingdom,43,Total FDI Index,V,All types of restrictions,INDEX,Index total,2011,2011,0.04,,
GBR,United Kingdom,43,Total FDI Index,V,All types of restrictions,INDEX,Index total,2012,2012,0.04,,
GBR,United Kingdom,43,Total FDI Index,V,All types of restrictions,INDEX,Index total,2013,2013,0.04,,
GBR,United Kingdom,43,Total FDI Index,V,All types of restrictions,INDEX,Index total,2014,2014,0.04,,
GBR,United Kingdom,43,Total FDI Index,V,All types of restrictions,INDEX,Index total,2015,2015,0.04,,
GBR,United Kingdom,43,Total FDI Index,V,All types of restrictions,INDEX,Index total,2016,2016,0.04,,
GBR,United Kingdom,43,Total FDI Index,V,All types of restrictions,INDEX,Index total,2017,2017,0.04,,
GBR,United Kingdom,43,Total FDI Index,V,All types of restrictions,INDEX,Index total,2018,2018,0.04,,
USA,United States,43,Total FDI Index,V,All types of restrictions,INDEX,Index total,2003,2003,0.089,,
USA,United States,43,Total FDI Index,V,All types of restrictions,INDEX,Index total,2006,2006,0.089,,
USA,United States,43,Total FDI Index,V,All types of restrictions,INDEX,Index total,2010,2010,0.089,,
USA,United States,43,Total FDI Index,V,All types of restrictions,INDEX,Index total,2011,2011,0.089,,
USA,United States,43,Total FDI Index,V,All types of restrictions,INDEX,Index total,2012,2012,0.089,,
USA,United States,43,Total FDI Index,V,All types of restrictions,INDEX,Index total,2013,2013,0.089,,
USA,United States,43,Total FDI Index,V,All types of restrictions,INDEX,Index total,2014,2014,0.089,,
USA,United States,43,Total FDI Index,V,All types of restrictions,INDEX,Index total,2015,2015,0.089,,
USA,United States,43,Total FDI Index,V,All types of restrictions,INDEX,Index total,2016,2016,0.089,,
USA,United States,43,Total FDI Index,V,All types of restrictions,INDEX,Index total,2017,2017,0.089,,
USA,United States,43,Total FDI Index,V,All types of restrictions,INDEX,Index total,2018,2018,0.089,,
ARG,Argentina,43,Total FDI Index,V,All types of restrictions,INDEX,Index total,2003,2003,0.025,,
ARG,Argentina,43,Total FDI Index,V,All types of restrictions,INDEX,Index total,2006,2006,0.025,,
ARG,Argentina,43,Total FDI Index,V,All types of restrictions,INDEX,Index total,2010,2010,0.025,,
ARG,Argentina,43,Total FDI Index,V,All types of restrictions,INDEX,Index total,2011,2011,0.025,,
ARG,Argentina,43,Total FDI Index,V,All types of restrictions,INDEX,Index total,2012,2012,0.038,,
ARG,Argentina,43,Total FDI Index,V,All types of restrictions,INDEX,Index total,2013,2013,0.038,,
ARG,Argentina,43,Total FDI Index,V,All types of restrictions,INDEX,Index total,2014,2014,0.038,,
ARG,Argentina,43,Total FDI Index,V,All types of restrictions,INDEX,Index total,2015,2015,0.038,,
ARG,Argentina,43,Total FDI Index,V,All types of restrictions,INDEX,Index total,2016,2016,0.031,,
ARG,Argentina,43,Total FDI Index,V,All types of restrictions,INDEX,Index total,2017,2017,0.031,,
ARG,Argentina,43,Total FDI Index,V,All types of restrictions,INDEX,Index total,2018,2018,0.031,,
BRA,Brazil,43,Total FDI Index,V,All types of restrictions,INDEX,Index total,2003,2003,0.092,,
BRA,Brazil,43,Total FDI Index,V,All types of restrictions,INDEX,Index total,2006,2006,0.092,,
BRA,Brazil,43,Total FDI Index,V,All types of restrictions,INDEX,Index total,2010,2010,0.101,,
BRA,Brazil,43,Total FDI Index,V,All types of restrictions,INDEX,Index total,2011,2011,0.095,,
BRA,Brazil,43,Total FDI Index,V,All types of restrictions,INDEX,Index total,2012,2012,0.095,,
BRA,Brazil,43,Total FDI Index,V,All types of restrictions,INDEX,Index total,2013,2013,0.095,,
BRA,Brazil,43,Total FDI Index,V,All types of restrictions,INDEX,Index total,2014,2014,0.095,,
BRA,Brazil,43,Total FDI Index,V,All types of restrictions,INDEX,Index total,2015,2015,0.095,,
BRA,Brazil,43,Total FDI Index,V,All types of restrictions,INDEX,Index total,2016,2016,0.095,,
BRA,Brazil,43,Total FDI Index,V,All types of restrictions,INDEX,Index total,2017,2017,0.095,,
BRA,Brazil,43,Total FDI Index,V,All types of restrictions,INDEX,Index total,2018,2018,0.087,,
CHL,Chile,43,Total FDI Index,V,All types of restrictions,INDEX,Index total,2003,2003,0.063,,
CHL,Chile,43,Total FDI Index,V,All types of restrictions,INDEX,Index total,2006,2006,0.063,,
CHL,Chile,43,Total FDI Index,V,All types of restrictions,INDEX,Index total,2010,2010,0.057,,
CHL,Chile,43,Total FDI Index,V,All types of restrictions,INDEX,Index total,2011,2011,0.057,,
CHL,Chile,43,Total FDI Index,V,All types of restrictions,INDEX,Index total,2012,2012,0.057,,
CHL,Chile,43,Total FDI Index,V,All types of restrictions,INDEX,Index total,2013,2013,0.057,,
CHL,Chile,43,Total FDI Index,V,All types of restrictions,INDEX,Index total,2014,2014,0.057,,
CHL,Chile,43,Total FDI Index,V,All types of restrictions,INDEX,Index total,2015,2015,0.057,,
CHL,Chile,43,Total FDI Index,V,All types of restrictions,INDEX,Index total,2016,2016,0.057,,
CHL,Chile,43,Total FDI Index,V,All types of restrictions,INDEX,Index total,2017,2017,0.057,,
CHL,Chile,43,Total FDI Index,V,All types of restrictions,INDEX,Index total,2018,2018,0.057,,
CHN,China (People's Republic of),43,Total FDI Index,V,All types of restrictions,INDEX,Index total,2003,2003,0.567,,
CHN,China (People's Republic of),43,Total FDI Index,V,All types of restrictions,INDEX,Index total,2006,2006,0.459,,
CHN,China (People's Republic of),43,Total FDI Index,V,All types of restrictions,INDEX,Index total,2010,2010,0.427,,
CHN,China (People's Republic of),43,Total FDI Index,V,All types of restrictions,INDEX,Index total,2011,2011,0.427,,
CHN,China (People's Republic of),43,Total FDI Index,V,All types of restrictions,INDEX,Index total,2012,2012,0.422,,
CHN,China (People's Republic of),43,Total FDI Index,V,All types of restrictions,INDEX,Index total,2013,2013,0.422,,
CHN,China (People's Republic of),43,Total FDI Index,V,All types of restrictions,INDEX,Index total,2014,2014,0.422,,
CHN,China (People's Republic of),43,Total FDI Index,V,All types of restrictions,INDEX,Index total,2015,2015,0.384,,
CHN,China (People's Republic of),43,Total FDI Index,V,All types of restrictions,INDEX,Index total,2016,2016,0.335,,
CHN,China (People's Republic of),43,Total FDI Index,V,All types of restrictions,INDEX,Index total,2017,2017,0.317,,
CHN,China (People's Republic of),43,Total FDI Index,V,All types of restrictions,INDEX,Index total,2018,2018,0.251,,
COL,Colombia,43,Total FDI Index,V,All types of restrictions,INDEX,Index total,2010,2010,0.026,,
COL,Colombia,43,Total FDI Index,V,All types of restrictions,INDEX,Index total,2011,2011,0.026,,
COL,Colombia,43,Total FDI Index,V,All types of restrictions,INDEX,Index total,2012,2012,0.026,,
COL,Colombia,43,Total FDI Index,V,All types of restrictions,INDEX,Index total,2013,2013,0.026,,
COL,Colombia,43,Total FDI Index,V,All types of restrictions,INDEX,Index total,2014,2014,0.026,,
COL,Colombia,43,Total FDI Index,V,All types of restrictions,INDEX,Index total,2015,2015,0.026,,
COL,Colombia,43,Total FDI Index,V,All types of restrictions,INDEX,Index total,2016,2016,0.026,,
COL,Colombia,43,Total FDI Index,V,All types of restrictions,INDEX,Index total,2017,2017,0.026,,
COL,Colombia,43,Total FDI Index,V,All types of restrictions,INDEX,Index total,2018,2018,0.026,,
CRI,Costa Rica,43,Total FDI Index,V,All types of restrictions,INDEX,Index total,2012,2012,0.048,,
CRI,Costa Rica,43,Total FDI Index,V,All types of restrictions,INDEX,Index total,2013,2013,0.048,,
CRI,Costa Rica,43,Total FDI Index,V,All types of restrictions,INDEX,Index total,2014,2014,0.048,,
CRI,Costa Rica,43,Total FDI Index,V,All types of restrictions,INDEX,Index total,2015,2015,0.048,,
CRI,Costa Rica,43,Total FDI Index,V,All types of restrictions,INDEX,Index total,2016,2016,0.048,,
CRI,Costa Rica,43,Total FDI Index,V,All types of restrictions,INDEX,Index total,2017,2017,0.048,,
CRI,Costa Rica,43,Total FDI Index,V,All types of restrictions,INDEX,Index total,2018,2018,0.048,,
EGY,Egypt,43,Total FDI Index,V,All types of restrictions,INDEX,Index total,2003,2003,0.173,,
EGY,Egypt,43,Total FDI Index,V,All types of restrictions,INDEX,Index total,2006,2006,0.125,,
EGY,Egypt,43,Total FDI Index,V,All types of restrictions,INDEX,Index total,2010,2010,0.126,,
EGY,Egypt,43,Total FDI Index,V,All types of restrictions,INDEX,Index total,2011,2011,0.126,,
EGY,Egypt,43,Total FDI Index,V,All types of restrictions,INDEX,Index total,2012,2012,0.126,,
EGY,Egypt,43,Total FDI Index,V,All types of restrictions,INDEX,Index total,2013,2013,0.126,,
EGY,Egypt,43,Total FDI Index,V,All types of restrictions,INDEX,Index total,2014,2014,0.126,,
EGY,Egypt,43,Total FDI Index,V,All types of restrictions,INDEX,Index total,2015,2015,0.126,,
EGY,Egypt,43,Total FDI Index,V,All types of restrictions,INDEX,Index total,2016,2016,0.126,,
EGY,Egypt,43,Total FDI Index,V,All types of restrictions,INDEX,Index total,2017,2017,0.094,,
EGY,Egypt,43,Total FDI Index,V,All types of restrictions,INDEX,Index total,2018,2018,0.094,,
EST,Estonia,43,Total FDI Index,V,All types of restrictions,INDEX,Index total,2003,2003,0.039,,
EST,Estonia,43,Total FDI Index,V,All types of restrictions,INDEX,Index total,2006,2006,0.035,,
EST,Estonia,43,Total FDI Index,V,All types of restrictions,INDEX,Index total,2010,2010,0.031,,
EST,Estonia,43,Total FDI Index,V,All types of restrictions,INDEX,Index total,2011,2011,0.018,,
EST,Estonia,43,Total FDI Index,V,All types of restrictions,INDEX,Index total,2012,2012,0.018,,
EST,Estonia,43,Total FDI Index,V,All types of restrictions,INDEX,Index total,2013,2013,0.018,,
EST,Estonia,43,Total FDI Index,V,All types of restrictions,INDEX,Index total,2014,2014,0.018,,
EST,Estonia,43,Total FDI Index,V,All types of restrictions,INDEX,Index total,2015,2015,0.018,,
EST,Estonia,43,Total FDI Index,V,All types of restrictions,INDEX,Index total,2016,2016,0.018,,
EST,Estonia,43,Total FDI Index,V,All types of restrictions,INDEX,Index total,2017,2017,0.018,,
EST,Estonia,43,Total FDI Index,V,All types of restrictions,INDEX,Index total,2018,2018,0.018,,
IND,India,43,Total FDI Index,V,All types of restrictions,INDEX,Index total,2003,2003,0.418,,
IND,India,43,Total FDI Index,V,All types of restrictions,INDEX,Index total,2006,2006,0.282,,
IND,India,43,Total FDI Index,V,All types of restrictions,INDEX,Index total,2010,2010,0.283,,
IND,India,43,Total FDI Index,V,All types of restrictions,INDEX,Index total,2011,2011,0.284,,
IND,India,43,Total FDI Index,V,All types of restrictions,INDEX,Index total,2012,2012,0.272,,
IND,India,43,Total FDI Index,V,All types of restrictions,INDEX,Index total,2013,2013,0.257,,
IND,India,43,Total FDI Index,V,All types of restrictions,INDEX,Index total,2014,2014,0.255,,
IND,India,43,Total FDI Index,V,All types of restrictions,INDEX,Index total,2015,2015,0.241,,
IND,India,43,Total FDI Index,V,All types of restrictions,INDEX,Index total,2016,2016,0.214,,
IND,India,43,Total FDI Index,V,All types of restrictions,INDEX,Index total,2017,2017,0.214,,
IND,India,43,Total FDI Index,V,All types of restrictions,INDEX,Index total,2018,2018,0.209,,
IDN,Indonesia,43,Total FDI Index,V,All types of restrictions,INDEX,Index total,2003,2003,0.331,,
IDN,Indonesia,43,Total FDI Index,V,All types of restrictions,INDEX,Index total,2006,2006,0.331,,
IDN,Indonesia,43,Total FDI Index,V,All types of restrictions,INDEX,Index total,2010,2010,0.312,,
IDN,Indonesia,43,Total FDI Index,V,All types of restrictions,INDEX,Index total,2011,2011,0.312,,
IDN,Indonesia,43,Total FDI Index,V,All types of restrictions,INDEX,Index total,2012,2012,0.318,,
IDN,Indonesia,43,Total FDI Index,V,All types of restrictions,INDEX,Index total,2013,2013,0.321,,
IDN,Indonesia,43,Total FDI Index,V,All types of restrictions,INDEX,Index total,2014,2014,0.335,,
IDN,Indonesia,43,Total FDI Index,V,All types of restrictions,INDEX,Index total,2015,2015,0.335,,
IDN,Indonesia,43,Total FDI Index,V,All types of restrictions,INDEX,Index total,2016,2016,0.313,,
IDN,Indonesia,43,Total FDI Index,V,All types of restrictions,INDEX,Index total,2017,2017,0.313,,
IDN,Indonesia,43,Total FDI Index,V,All types of restrictions,INDEX,Index total,2018,2018,0.313,,
ISR,Israel,43,Total FDI Index,V,All types of restrictions,INDEX,Index total,2003,2003,0.118,,
ISR,Israel,43,Total FDI Index,V,All types of restrictions,INDEX,Index total,2006,2006,0.118,,
ISR,Israel,43,Total FDI Index,V,All types of restrictions,INDEX,Index total,2010,2010,0.118,,
ISR,Israel,43,Total FDI Index,V,All types of restrictions,INDEX,Index total,2011,2011,0.118,,
ISR,Israel,43,Total FDI Index,V,All types of restrictions,INDEX,Index total,2012,2012,0.118,,
ISR,Israel,43,Total FDI Index,V,All types of restrictions,INDEX,Index total,2013,2013,0.118,,
ISR,Israel,43,Total FDI Index,V,All types of restrictions,INDEX,Index total,2014,2014,0.118,,
ISR,Israel,43,Total FDI Index,V,All types of restrictions,INDEX,Index total,2015,2015,0.118,,
ISR,Israel,43,Total FDI Index,V,All types of restrictions,INDEX,Index total,2016,2016,0.118,,
ISR,Israel,43,Total FDI Index,V,All types of restrictions,INDEX,Index total,2017,2017,0.118,,
ISR,Israel,43,Total FDI Index,V,All types of restrictions,INDEX,Index total,2018,2018,0.118,,
JOR,Jordan,43,Total FDI Index,V,All types of restrictions,INDEX,Index total,2012,2012,0.299,,
JOR,Jordan,43,Total FDI Index,V,All types of restrictions,INDEX,Index total,2013,2013,0.299,,
JOR,Jordan,43,Total FDI Index,V,All types of restrictions,INDEX,Index total,2014,2014,0.299,,
JOR,Jordan,43,Total FDI Index,V,All types of restrictions,INDEX,Index total,2015,2015,0.299,,
JOR,Jordan,43,Total FDI Index,V,All types of restrictions,INDEX,Index total,2016,2016,0.243,,
JOR,Jordan,43,Total FDI Index,V,All types of restrictions,INDEX,Index total,2017,2017,0.243,,
JOR,Jordan,43,Total FDI Index,V,All types of restrictions,INDEX,Index total,2018,2018,0.243,,
KAZ,Kazakhstan,43,Total FDI Index,V,All types of restrictions,INDEX,Index total,2010,2010,0.149,,
KAZ,Kazakhstan,43,Total FDI Index,V,All types of restrictions,INDEX,Index total,2011,2011,0.149,,
KAZ,Kazakhstan,43,Total FDI Index,V,All types of restrictions,INDEX,Index total,2012,2012,0.146,,
KAZ,Kazakhstan,43,Total FDI Index,V,All types of restrictions,INDEX,Index total,2013,2013,0.139,,
KAZ,Kazakhstan,43,Total FDI Index,V,All types of restrictions,INDEX,Index total,2014,2014,0.139,,
KAZ,Kazakhstan,43,Total FDI Index,V,All types of restrictions,INDEX,Index total,2015,2015,0.14,,
KAZ,Kazakhstan,43,Total FDI Index,V,All types of restrictions,INDEX,Index total,2016,2016,0.113,,
KAZ,Kazakhstan,43,Total FDI Index,V,All types of restrictions,INDEX,Index total,2017,2017,0.113,,
KAZ,Kazakhstan,43,Total FDI Index,V,All types of restrictions,INDEX,Index total,2018,2018,0.113,,
KGZ,Kyrgyzstan,43,Total FDI Index,V,All types of restrictions,INDEX,Index total,2012,2012,0.079,,
KGZ,Kyrgyzstan,43,Total FDI Index,V,All types of restrictions,INDEX,Index total,2013,2013,0.079,,
KGZ,Kyrgyzstan,43,Total FDI Index,V,All types of restrictions,INDEX,Index total,2014,2014,0.079,,
KGZ,Kyrgyzstan,43,Total FDI Index,V,All types of restrictions,INDEX,Index total,2015,2015,0.079,,
KGZ,Kyrgyzstan,43,Total FDI Index,V,All types of restrictions,INDEX,Index total,2016,2016,0.079,,
KGZ,Kyrgyzstan,43,Total FDI Index,V,All types of restrictions,INDEX,Index total,2017,2017,0.084,,
KGZ,Kyrgyzstan,43,Total FDI Index,V,All types of restrictions,INDEX,Index total,2018,2018,0.084,,
LVA,Latvia,43,Total FDI Index,V,All types of restrictions,INDEX,Index total,2003,2003,0.059,,
LVA,Latvia,43,Total FDI Index,V,All types of restrictions,INDEX,Index total,2006,2006,0.029,,
LVA,Latvia,43,Total FDI Index,V,All types of restrictions,INDEX,Index total,2010,2010,0.022,,
LVA,Latvia,43,Total FDI Index,V,All types of restrictions,INDEX,Index total,2011,2011,0.022,,
LVA,Latvia,43,Total FDI Index,V,All types of restrictions,INDEX,Index total,2012,2012,0.022,,
LVA,Latvia,43,Total FDI Index,V,All types of restrictions,INDEX,Index total,2013,2013,0.022,,
LVA,Latvia,43,Total FDI Index,V,All types of restrictions,INDEX,Index total,2014,2014,0.02,,
LVA,Latvia,43,Total FDI Index,V,All types of restrictions,INDEX,Index total,2015,2015,0.02,,
LVA,Latvia,43,Total FDI Index,V,All types of restrictions,INDEX,Index total,2016,2016,0.02,,
LVA,Latvia,43,Total FDI Index,V,All types of restrictions,INDEX,Index total,2017,2017,0.021,,
LVA,Latvia,43,Total FDI Index,V,All types of restrictions,INDEX,Index total,2018,2018,0.021,,
LTU,Lithuania,43,Total FDI Index,V,All types of restrictions,INDEX,Index total,2006,2006,0.022,,
LTU,Lithuania,43,Total FDI Index,V,All types of restrictions,INDEX,Index total,2010,2010,0.022,,
LTU,Lithuania,43,Total FDI Index,V,All types of restrictions,INDEX,Index total,2011,2011,0.022,,
LTU,Lithuania,43,Total FDI Index,V,All types of restrictions,INDEX,Index total,2012,2012,0.022,,
LTU,Lithuania,43,Total FDI Index,V,All types of restrictions,INDEX,Index total,2013,2013,0.022,,
LTU,Lithuania,43,Total FDI Index,V,All types of restrictions,INDEX,Index total,2014,2014,0.019,,
LTU,Lithuania,43,Total FDI Index,V,All types of restrictions,INDEX,Index total,2015,2015,0.019,,
LTU,Lithuania,43,Total FDI Index,V,All types of restrictions,INDEX,Index total,2016,2016,0.019,,
LTU,Lithuania,43,Total FDI Index,V,All types of restrictions,INDEX,Index total,2017,2017,0.019,,
LTU,Lithuania,43,Total FDI Index,V,All types of restrictions,INDEX,Index total,2018,2018,0.019,,
MYS,Malaysia,43,Total FDI Index,V,All types of restrictions,INDEX,Index total,2003,2003,0.455,,
MYS,Malaysia,43,Total FDI Index,V,All types of restrictions,INDEX,Index total,2006,2006,0.445,,
MYS,Malaysia,43,Total FDI Index,V,All types of restrictions,INDEX,Index total,2010,2010,0.29,,
MYS,Malaysia,43,Total FDI Index,V,All types of restrictions,INDEX,Index total,2011,2011,0.29,,
MYS,Malaysia,43,Total FDI Index,V,All types of restrictions,INDEX,Index total,2012,2012,0.255,,
MYS,Malaysia,43,Total FDI Index,V,All types of restrictions,INDEX,Index total,2013,2013,0.255,,
MYS,Malaysia,43,Total FDI Index,V,All types of restrictions,INDEX,Index total,2014,2014,0.254,,
MYS,Malaysia,43,Total FDI Index,V,All types of restrictions,INDEX,Index total,2015,2015,0.253,,
MYS,Malaysia,43,Total FDI Index,V,All types of restrictions,INDEX,Index total,2016,2016,0.253,,
MYS,Malaysia,43,Total FDI Index,V,All types of restrictions,INDEX,Index total,2017,2017,0.252,,
MYS,Malaysia,43,Total FDI Index,V,All types of restrictions,INDEX,Index total,2018,2018,0.252,,
MNG,Mongolia,43,Total FDI Index,V,All types of restrictions,INDEX,Index total,2012,2012,0.116,,
MNG,Mongolia,43,Total FDI Index,V,All types of restrictions,INDEX,Index total,2013,2013,0.071,,
MNG,Mongolia,43,Total FDI Index,V,All types of restrictions,INDEX,Index total,2014,2014,0.071,,
MNG,Mongolia,43,Total FDI Index,V,All types of restrictions,INDEX,Index total,2015,2015,0.071,,
MNG,Mongolia,43,Total FDI Index,V,All types of restrictions,INDEX,Index total,2016,2016,0.072,,
MNG,Mongolia,43,Total FDI Index,V,All types of restrictions,INDEX,Index total,2017,2017,0.072,,
MNG,Mongolia,43,Total FDI Index,V,All types of restrictions,INDEX,Index total,2018,2018,0.072,,
MAR,Morocco,43,Total FDI Index,V,All types of restrictions,INDEX,Index total,2010,2010,0.067,,
MAR,Morocco,43,Total FDI Index,V,All types of restrictions,INDEX,Index total,2011,2011,0.067,,
MAR,Morocco,43,Total FDI Index,V,All types of restrictions,INDEX,Index total,2012,2012,0.067,,
MAR,Morocco,43,Total FDI Index,V,All types of restrictions,INDEX,Index total,2013,2013,0.067,,
MAR,Morocco,43,Total FDI Index,V,All types of restrictions,INDEX,Index total,2014,2014,0.067,,
MAR,Morocco,43,Total FDI Index,V,All types of restrictions,INDEX,Index total,2015,2015,0.067,,
MAR,Morocco,43,Total FDI Index,V,All types of restrictions,INDEX,Index total,2016,2016,0.067,,
MAR,Morocco,43,Total FDI Index,V,All types of restrictions,INDEX,Index total,2017,2017,0.067,,
MAR,Morocco,43,Total FDI Index,V,All types of restrictions,INDEX,Index total,2018,2018,0.067,,
PER,Peru,43,Total FDI Index,V,All types of restrictions,INDEX,Index total,2010,2010,0.077,,
PER,Peru,43,Total FDI Index,V,All types of restrictions,INDEX,Index total,2011,2011,0.077,,
PER,Peru,43,Total FDI Index,V,All types of restrictions,INDEX,Index total,2012,2012,0.077,,
PER,Peru,43,Total FDI Index,V,All types of restrictions,INDEX,Index total,2013,2013,0.077,,
PER,Peru,43,Total FDI Index,V,All types of restrictions,INDEX,Index total,2014,2014,0.077,,
PER,Peru,43,Total FDI Index,V,All types of restrictions,INDEX,Index total,2015,2015,0.077,,
PER,Peru,43,Total FDI Index,V,All types of restrictions,INDEX,Index total,2016,2016,0.077,,
PER,Peru,43,Total FDI Index,V,All types of restrictions,INDEX,Index total,2017,2017,0.077,,
PER,Peru,43,Total FDI Index,V,All types of restrictions,INDEX,Index total,2018,2018,0.077,,
ROU,Romania,43,Total FDI Index,V,All types of restrictions,INDEX,Index total,2010,2010,0.008,,
ROU,Romania,43,Total FDI Index,V,All types of restrictions,INDEX,Index total,2011,2011,0.008,,
ROU,Romania,43,Total FDI Index,V,All types of restrictions,INDEX,Index total,2012,2012,0.008,,
ROU,Romania,43,Total FDI Index,V,All types of restrictions,INDEX,Index total,2013,2013,0.008,,
ROU,Romania,43,Total FDI Index,V,All types of restrictions,INDEX,Index total,2014,2014,0.008,,
ROU,Romania,43,Total FDI Index,V,All types of restrictions,INDEX,Index total,2015,2015,0.008,,
ROU,Romania,43,Total FDI Index,V,All types of restrictions,INDEX,Index total,2016,2016,0.008,,
ROU,Romania,43,Total FDI Index,V,All types of restrictions,INDEX,Index total,2017,2017,0.008,,
ROU,Romania,43,Total FDI Index,V,All types of restrictions,INDEX,Index total,2018,2018,0.008,,
RUS,Russia,43,Total FDI Index,V,All types of restrictions,INDEX,Index total,2003,2003,0.338,,
RUS,Russia,43,Total FDI Index,V,All types of restrictions,INDEX,Index total,2006,2006,0.294,,
RUS,Russia,43,Total FDI Index,V,All types of restrictions,INDEX,Index total,2010,2010,0.174,,
RUS,Russia,43,Total FDI Index,V,All types of restrictions,INDEX,Index total,2011,2011,0.174,,
RUS,Russia,43,Total FDI Index,V,All types of restrictions,INDEX,Index total,2012,2012,0.175,,
RUS,Russia,43,Total FDI Index,V,All types of restrictions,INDEX,Index total,2013,2013,0.175,,
RUS,Russia,43,Total FDI Index,V,All types of restrictions,INDEX,Index total,2014,2014,0.175,,
RUS,Russia,43,Total FDI Index,V,All types of restrictions,INDEX,Index total,2015,2015,0.175,,
RUS,Russia,43,Total FDI Index,V,All types of restrictions,INDEX,Index total,2016,2016,0.182,,
RUS,Russia,43,Total FDI Index,V,All types of restrictions,INDEX,Index total,2017,2017,0.182,,
RUS,Russia,43,Total FDI Index,V,All types of restrictions,INDEX,Index total,2018,2018,0.257,,
SAU,Saudi Arabia,43,Total FDI Index,V,All types of restrictions,INDEX,Index total,2010,2010,0.447,,
SAU,Saudi Arabia,43,Total FDI Index,V,All types of restrictions,INDEX,Index total,2011,2011,0.447,,
SAU,Saudi Arabia,43,Total FDI Index,V,All types of restrictions,INDEX,Index total,2012,2012,0.447,,
SAU,Saudi Arabia,43,Total FDI Index,V,All types of restrictions,INDEX,Index total,2013,2013,0.447,,
SAU,Saudi Arabia,43,Total FDI Index,V,All types of restrictions,INDEX,Index total,2014,2014,0.447,,
SAU,Saudi Arabia,43,Total FDI Index,V,All types of restrictions,INDEX,Index total,2015,2015,0.425,,
SAU,Saudi Arabia,43,Total FDI Index,V,All types of restrictions,INDEX,Index total,2016,2016,0.409,,
SAU,Saudi Arabia,43,Total FDI Index,V,All types of restrictions,INDEX,Index total,2017,2017,0.407,,
SAU,Saudi Arabia,43,Total FDI Index,V,All types of restrictions,INDEX,Index total,2018,2018,0.372,,
SVN,Slovenia,43,Total FDI Index,V,All types of restrictions,INDEX,Index total,2003,2003,0.021,,
SVN,Slovenia,43,Total FDI Index,V,All types of restrictions,INDEX,Index total,2006,2006,0.015,,
SVN,Slovenia,43,Total FDI Index,V,All types of restrictions,INDEX,Index total,2010,2010,0.007,,
SVN,Slovenia,43,Total FDI Index,V,All types of restrictions,INDEX,Index total,2011,2011,0.007,,
SVN,Slovenia,43,Total FDI Index,V,All types of restrictions,INDEX,Index total,2012,2012,0.007,,
SVN,Slovenia,43,Total FDI Index,V,All types of restrictions,INDEX,Index total,2013,2013,0.007,,
SVN,Slovenia,43,Total FDI Index,V,All types of restrictions,INDEX,Index total,2014,2014,0.007,,
SVN,Slovenia,43,Total FDI Index,V,All types of restrictions,INDEX,Index total,2015,2015,0.007,,
SVN,Slovenia,43,Total FDI Index,V,All types of restrictions,INDEX,Index total,2016,2016,0.007,,
SVN,Slovenia,43,Total FDI Index,V,All types of restrictions,INDEX,Index total,2017,2017,0.007,,
SVN,Slovenia,43,Total FDI Index,V,All types of restrictions,INDEX,Index total,2018,2018,0.007,,
ZAF,South Africa,43,Total FDI Index,V,All types of restrictions,INDEX,Index total,2003,2003,0.103,,
ZAF,South Africa,43,Total FDI Index,V,All types of restrictions,INDEX,Index total,2006,2006,0.102,,
ZAF,South Africa,43,Total FDI Index,V,All types of restrictions,INDEX,Index total,2010,2010,0.055,,
ZAF,South Africa,43,Total FDI Index,V,All types of restrictions,INDEX,Index total,2011,2011,0.055,,
ZAF,South Africa,43,Total FDI Index,V,All types of restrictions,INDEX,Index total,2012,2012,0.055,,
ZAF,South Africa,43,Total FDI Index,V,All types of restrictions,INDEX,Index total,2013,2013,0.055,,
ZAF,South Africa,43,Total FDI Index,V,All types of restrictions,INDEX,Index total,2014,2014,0.055,,
ZAF,South Africa,43,Total FDI Index,V,All types of restrictions,INDEX,Index total,2015,2015,0.055,,
ZAF,South Africa,43,Total FDI Index,V,All types of restrictions,INDEX,Index total,2016,2016,0.055,,
ZAF,South Africa,43,Total FDI Index,V,All types of restrictions,INDEX,Index total,2017,2017,0.055,,
ZAF,South Africa,43,Total FDI Index,V,All types of restrictions,INDEX,Index total,2018,2018,0.055,,
TUN,Tunisia,43,Total FDI Index,V,All types of restrictions,INDEX,Index total,2010,2010,0.24,,
TUN,Tunisia,43,Total FDI Index,V,All types of restrictions,INDEX,Index total,2011,2011,0.24,,
TUN,Tunisia,43,Total FDI Index,V,All types of restrictions,INDEX,Index total,2012,2012,0.24,,
TUN,Tunisia,43,Total FDI Index,V,All types of restrictions,INDEX,Index total,2013,2013,0.24,,
TUN,Tunisia,43,Total FDI Index,V,All types of restrictions,INDEX,Index total,2014,2014,0.24,,
TUN,Tunisia,43,Total FDI Index,V,All types of restrictions,INDEX,Index total,2015,2015,0.24,,
TUN,Tunisia,43,Total FDI Index,V,All types of restrictions,INDEX,Index total,2016,2016,0.24,,
TUN,Tunisia,43,Total FDI Index,V,All types of restrictions,INDEX,Index total,2017,2017,0.181,,
TUN,Tunisia,43,Total FDI Index,V,All types of restrictions,INDEX,Index total,2018,2018,0.181,,
UKR,Ukraine,43,Total FDI Index,V,All types of restrictions,INDEX,Index total,2010,2010,0.144,,
UKR,Ukraine,43,Total FDI Index,V,All types of restrictions,INDEX,Index total,2011,2011,0.144,,
UKR,Ukraine,43,Total FDI Index,V,All types of restrictions,INDEX,Index total,2012,2012,0.144,,
UKR,Ukraine,43,Total FDI Index,V,All types of restrictions,INDEX,Index total,2013,2013,0.142,,
UKR,Ukraine,43,Total FDI Index,V,All types of restrictions,INDEX,Index total,2014,2014,0.12,,
UKR,Ukraine,43,Total FDI Index,V,All types of restrictions,INDEX,Index total,2015,2015,0.12,,
UKR,Ukraine,43,Total FDI Index,V,All types of restrictions,INDEX,Index total,2016,2016,0.124,,
UKR,Ukraine,43,Total FDI Index,V,All types of restrictions,INDEX,Index total,2017,2017,0.124,,
UKR,Ukraine,43,Total FDI Index,V,All types of restrictions,INDEX,Index total,2018,2018,0.124,,
OAVG,OECD - Average,43,Total FDI Index,V,All types of restrictions,INDEX,Index total,2003,2003,0.098,,
OAVG,OECD - Average,43,Total FDI Index,V,All types of restrictions,INDEX,Index total,2006,2006,0.082,,
OAVG,OECD - Average,43,Total FDI Index,V,All types of restrictions,INDEX,Index total,2010,2010,0.067,,
OAVG,OECD - Average,43,Total FDI Index,V,All types of restrictions,INDEX,Index total,2011,2011,0.066,,
OAVG,OECD - Average,43,Total FDI Index,V,All types of restrictions,INDEX,Index total,2012,2012,0.066,,
OAVG,OECD - Average,43,Total FDI Index,V,All types of restrictions,INDEX,Index total,2013,2013,0.065,,
OAVG,OECD - Average,43,Total FDI Index,V,All types of restrictions,INDEX,Index total,2014,2014,0.065,,
OAVG,OECD - Average,43,Total FDI Index,V,All types of restrictions,INDEX,Index total,2015,2015,0.065,,
OAVG,OECD - Average,43,Total FDI Index,V,All types of restrictions,INDEX,Index total,2016,2016,0.065,,
OAVG,OECD - Average,43,Total FDI Index,V,All types of restrictions,INDEX,Index total,2017,2017,0.065,,
OAVG,OECD - Average,43,Total FDI Index,V,All types of restrictions,INDEX,Index total,2018,2018,0.065,,
MMR,Myanmar,43,Total FDI Index,V,All types of restrictions,INDEX,Index total,2013,2013,0.442,,
MMR,Myanmar,43,Total FDI Index,V,All types of restrictions,INDEX,Index total,2014,2014,0.384,,
MMR,Myanmar,43,Total FDI Index,V,All types of restrictions,INDEX,Index total,2015,2015,0.39,,
MMR,Myanmar,43,Total FDI Index,V,All types of restrictions,INDEX,Index total,2016,2016,0.386,,
MMR,Myanmar,43,Total FDI Index,V,All types of restrictions,INDEX,Index total,2017,2017,0.2,,
MMR,Myanmar,43,Total FDI Index,V,All types of restrictions,INDEX,Index total,2018,2018,0.117,,
PHL,Philippines,43,Total FDI Index,V,All types of restrictions,INDEX,Index total,2003,2003,0.419,,
PHL,Philippines,43,Total FDI Index,V,All types of restrictions,INDEX,Index total,2006,2006,0.417,,
PHL,Philippines,43,Total FDI Index,V,All types of restrictions,INDEX,Index total,2010,2010,0.417,,
PHL,Philippines,43,Total FDI Index,V,All types of restrictions,INDEX,Index total,2011,2011,0.412,,
PHL,Philippines,43,Total FDI Index,V,All types of restrictions,INDEX,Index total,2012,2012,0.417,,
PHL,Philippines,43,Total FDI Index,V,All types of restrictions,INDEX,Index total,2013,2013,0.417,,
PHL,Philippines,43,Total FDI Index,V,All types of restrictions,INDEX,Index total,2014,2014,0.406,,
PHL,Philippines,43,Total FDI Index,V,All types of restrictions,INDEX,Index total,2015,2015,0.406,,
PHL,Philippines,43,Total FDI Index,V,All types of restrictions,INDEX,Index total,2016,2016,0.39,,
PHL,Philippines,43,Total FDI Index,V,All types of restrictions,INDEX,Index total,2017,2017,0.39,,
PHL,Philippines,43,Total FDI Index,V,All types of restrictions,INDEX,Index total,2018,2018,0.374,,
VNM,Viet Nam,43,Total FDI Index,V,All types of restrictions,INDEX,Index total,2003,2003,0.435,,
VNM,Viet Nam,43,Total FDI Index,V,All types of restrictions,INDEX,Index total,2006,2006,0.371,,
VNM,Viet Nam,43,Total FDI Index,V,All types of restrictions,INDEX,Index total,2010,2010,0.3,,
VNM,Viet Nam,43,Total FDI Index,V,All types of restrictions,INDEX,Index total,2011,2011,0.3,,
VNM,Viet Nam,43,Total FDI Index,V,All types of restrictions,INDEX,Index total,2012,2012,0.292,,
VNM,Viet Nam,43,Total FDI Index,V,All types of restrictions,INDEX,Index total,2013,2013,0.281,,
VNM,Viet Nam,43,Total FDI Index,V,All types of restrictions,INDEX,Index total,2014,2014,0.281,,
VNM,Viet Nam,43,Total FDI Index,V,All types of restrictions,INDEX,Index total,2015,2015,0.132,,
VNM,Viet Nam,43,Total FDI Index,V,All types of restrictions,INDEX,Index total,2016,2016,0.132,,
VNM,Viet Nam,43,Total FDI Index,V,All types of restrictions,INDEX,Index total,2017,2017,0.132,,
VNM,Viet Nam,43,Total FDI Index,V,All types of restrictions,INDEX,Index total,2018,2018,0.13,,
KHM,Cambodia,43,Total FDI Index,V,All types of restrictions,INDEX,Index total,2016,2016,0.054,,
KHM,Cambodia,43,Total FDI Index,V,All types of restrictions,INDEX,Index total,2017,2017,0.054,,
KHM,Cambodia,43,Total FDI Index,V,All types of restrictions,INDEX,Index total,2018,2018,0.054,,
LAO,Lao People's Democratic Republic,43,Total FDI Index,V,All types of restrictions,INDEX,Index total,2016,2016,0.221,,
LAO,Lao People's Democratic Republic,43,Total FDI Index,V,All types of restrictions,INDEX,Index total,2017,2017,0.19,,
LAO,Lao People's Democratic Republic,43,Total FDI Index,V,All types of restrictions,INDEX,Index total,2018,2018,0.19,,
ALB,Albania,43,Total FDI Index,V,All types of restrictions,INDEX,Index total,2017,2017,0.049,,
ALB,Albania,43,Total FDI Index,V,All types of restrictions,INDEX,Index total,2018,2018,0.049,,
BIH,Bosnia and Herzegovina,43,Total FDI Index,V,All types of restrictions,INDEX,Index total,2017,2017,0.029,,
BIH,Bosnia and Herzegovina,43,Total FDI Index,V,All types of restrictions,INDEX,Index total,2018,2018,0.029,,
MKD,North Macedonia,43,Total FDI Index,V,All types of restrictions,INDEX,Index total,2017,2017,0.022,,
MKD,North Macedonia,43,Total FDI Index,V,All types of restrictions,INDEX,Index total,2018,2018,0.022,,
SRB,Serbia,43,Total FDI Index,V,All types of restrictions,INDEX,Index total,2017,2017,0.042,,
SRB,Serbia,43,Total FDI Index,V,All types of restrictions,INDEX,Index total,2018,2018,0.042,,
MNE,Montenegro,43,Total FDI Index,V,All types of restrictions,INDEX,Index total,2017,2017,0.028,,
MNE,Montenegro,43,Total FDI Index,V,All types of restrictions,INDEX,Index total,2018,2018,0.028,,
XKO,Kosovo,43,Total FDI Index,V,All types of restrictions,INDEX,Index total,2017,2017,0.001,,
XKO,Kosovo,43,Total FDI Index,V,All types of restrictions,INDEX,Index total,2018,2018,0.001,,
HRV,Croatia,43,Total FDI Index,V,All types of restrictions,INDEX,Index total,2018,2018,0.034,,
