LOCATION,Country,SUBJECT,Subject,FREQUENCY,Frequency,TIME,Time,Unit Code,Unit,PowerCode Code,PowerCode,Reference Period Code,Reference Period,Growth,Flag Codes,Flags
GRC,Greece,YPTTTTL1_GY,Population mid-year estimates Total (growth rate),A,Annual,2000,2000,PC,Percentage,0,Units,,,0.3207144,,
GRC,Greece,YPTTTTL1_GY,Population mid-year estimates Total (growth rate),A,Annual,2001,2001,PC,Percentage,0,Units,,,0.2978618,,
GRC,Greece,YPTTTTL1_GY,Population mid-year estimates Total (growth rate),A,Annual,2002,2002,PC,Percentage,0,Units,,,0.3013699,,
GRC,Greece,YPTTTTL1_GY,Population mid-year estimates Total (growth rate),A,Annual,2003,2003,PC,Percentage,0,Units,,,0.3004644,,
GRC,Greece,YPTTTTL1_GY,Population mid-year estimates Total (growth rate),A,Annual,2004,2004,PC,Percentage,0,Units,,,0.3721859,,
GRC,Greece,YPTTTTL1_GY,Population mid-year estimates Total (growth rate),A,Annual,2005,2005,PC,Percentage,0,Units,,,0.3255856,,
GRC,Greece,YPTTTTL1_GY,Population mid-year estimates Total (growth rate),A,Annual,2006,2006,PC,Percentage,0,Units,,,0.3425584,,
GRC,Greece,YPTTTTL1_GY,Population mid-year estimates Total (growth rate),A,Annual,2007,2007,PC,Percentage,0,Units,,,0.2874854,,
GRC,Greece,YPTTTTL1_GY,Population mid-year estimates Total (growth rate),A,Annual,2008,2008,PC,Percentage,0,Units,,,0.2060378,,
GRC,Greece,YPTTTTL1_GY,Population mid-year estimates Total (growth rate),A,Annual,2009,2009,PC,Percentage,0,Units,,,-0.008939746,,
GRC,Greece,YPTTTTL1_GY,Population mid-year estimates Total (growth rate),A,Annual,2010,2010,PC,Percentage,0,Units,,,-0.2860974,,
GRC,Greece,YPTTTTL1_GY,Population mid-year estimates Total (growth rate),A,Annual,2011,2011,PC,Percentage,0,Units,,,-0.2600197,,
GRC,Greece,YPTTTTL1_GY,Population mid-year estimates Total (growth rate),A,Annual,2012,2012,PC,Percentage,0,Units,,,-0.3056455,B,Break
RUS,Russia,YPTTTTL1_GY,Population mid-year estimates Total (growth rate),A,Annual,2000,2000,PC,Percentage,0,Units,,,-0.4197942,,
RUS,Russia,YPTTTTL1_GY,Population mid-year estimates Total (growth rate),A,Annual,2001,2001,PC,Percentage,0,Units,,,-0.4236103,,
RUS,Russia,YPTTTTL1_GY,Population mid-year estimates Total (growth rate),A,Annual,2002,2002,PC,Percentage,0,Units,,,-0.4589795,,
RUS,Russia,YPTTTTL1_GY,Population mid-year estimates Total (growth rate),A,Annual,2003,2003,PC,Percentage,0,Units,,,-0.4521493,,
RUS,Russia,YPTTTTL1_GY,Population mid-year estimates Total (growth rate),A,Annual,2004,2004,PC,Percentage,0,Units,,,-0.4023533,,
RUS,Russia,YPTTTTL1_GY,Population mid-year estimates Total (growth rate),A,Annual,2005,2005,PC,Percentage,0,Units,,,-0.3803786,,
RUS,Russia,YPTTTTL1_GY,Population mid-year estimates Total (growth rate),A,Annual,2006,2006,PC,Percentage,0,Units,,,-0.326786,,
RUS,Russia,YPTTTTL1_GY,Population mid-year estimates Total (growth rate),A,Annual,2007,2007,PC,Percentage,0,Units,,,-0.1712688,,
RUS,Russia,YPTTTTL1_GY,Population mid-year estimates Total (growth rate),A,Annual,2008,2008,PC,Percentage,0,Units,,,-0.0441161,,
RUS,Russia,YPTTTTL1_GY,Population mid-year estimates Total (growth rate),A,Annual,2009,2009,PC,Percentage,0,Units,,,0.03012428,,
RUS,Russia,YPTTTTL1_GY,Population mid-year estimates Total (growth rate),A,Annual,2010,2010,PC,Percentage,0,Units,,,0.04482264,,
RUS,Russia,YPTTTTL1_GY,Population mid-year estimates Total (growth rate),A,Annual,2011,2011,PC,Percentage,0,Units,,,0.07840447,,
RUS,Russia,YPTTTTL1_GY,Population mid-year estimates Total (growth rate),A,Annual,2012,2012,PC,Percentage,0,Units,,,0.1720749,,
RUS,Russia,YPTTTTL1_GY,Population mid-year estimates Total (growth rate),A,Annual,2013,2013,PC,Percentage,0,Units,,,0.2094835,,
CHE,Switzerland,YPTTTTL1_GY,Population mid-year estimates Total (growth rate),A,Annual,2000,2000,PC,Percentage,0,Units,,,0.5635365,,
CHE,Switzerland,YPTTTTL1_GY,Population mid-year estimates Total (growth rate),A,Annual,2001,2001,PC,Percentage,0,Units,,,0.5901381,,
CHE,Switzerland,YPTTTTL1_GY,Population mid-year estimates Total (growth rate),A,Annual,2002,2002,PC,Percentage,0,Units,,,0.8040658,,
CHE,Switzerland,YPTTTTL1_GY,Population mid-year estimates Total (growth rate),A,Annual,2003,2003,PC,Percentage,0,Units,,,0.7446579,,
CHE,Switzerland,YPTTTTL1_GY,Population mid-year estimates Total (growth rate),A,Annual,2004,2004,PC,Percentage,0,Units,,,0.689801,,
CHE,Switzerland,YPTTTTL1_GY,Population mid-year estimates Total (growth rate),A,Annual,2005,2005,PC,Percentage,0,Units,,,0.6426578,,
CHE,Switzerland,YPTTTTL1_GY,Population mid-year estimates Total (growth rate),A,Annual,2006,2006,PC,Percentage,0,Units,,,0.629525,,
CHE,Switzerland,YPTTTTL1_GY,Population mid-year estimates Total (growth rate),A,Annual,2007,2007,PC,Percentage,0,Units,,,0.8976964,,
CHE,Switzerland,YPTTTTL1_GY,Population mid-year estimates Total (growth rate),A,Annual,2008,2008,PC,Percentage,0,Units,,,1.278731,,
CHE,Switzerland,YPTTTTL1_GY,Population mid-year estimates Total (growth rate),A,Annual,2009,2009,PC,Percentage,0,Units,,,1.257323,,
CHE,Switzerland,YPTTTTL1_GY,Population mid-year estimates Total (growth rate),A,Annual,2010,2010,PC,Percentage,0,Units,,,1.086529,,
CHE,Switzerland,YPTTTTL1_GY,Population mid-year estimates Total (growth rate),A,Annual,2011,2011,PC,Percentage,0,Units,,,1.078543,,
CHE,Switzerland,YPTTTTL1_GY,Population mid-year estimates Total (growth rate),A,Annual,2012,2012,PC,Percentage,0,Units,,,1.067477,,
CHE,Switzerland,YPTTTTL1_GY,Population mid-year estimates Total (growth rate),A,Annual,2013,2013,PC,Percentage,0,Units,,,1.78994,,
GBR,United Kingdom,YPTTTTL1_GY,Population mid-year estimates Total (growth rate),A,Annual,2000,2000,PC,Percentage,0,Units,,,0.3442165,,
GBR,United Kingdom,YPTTTTL1_GY,Population mid-year estimates Total (growth rate),A,Annual,2001,2001,PC,Percentage,0,Units,,,0.3854906,B,Break
GBR,United Kingdom,YPTTTTL1_GY,Population mid-year estimates Total (growth rate),A,Annual,2002,2002,PC,Percentage,0,Units,,,-0.9192073,,
GBR,United Kingdom,YPTTTTL1_GY,Population mid-year estimates Total (growth rate),A,Annual,2003,2003,PC,Percentage,0,Units,,,0.4598339,,
GBR,United Kingdom,YPTTTTL1_GY,Population mid-year estimates Total (growth rate),A,Annual,2004,2004,PC,Percentage,0,Units,,,0.5271406,,
GBR,United Kingdom,YPTTTTL1_GY,Population mid-year estimates Total (growth rate),A,Annual,2005,2005,PC,Percentage,0,Units,,,0.7471287,,
GBR,United Kingdom,YPTTTTL1_GY,Population mid-year estimates Total (growth rate),A,Annual,2006,2006,PC,Percentage,0,Units,,,0.6906005,,
GBR,United Kingdom,YPTTTTL1_GY,Population mid-year estimates Total (growth rate),A,Annual,2007,2007,PC,Percentage,0,Units,,,0.7987174,,
GBR,United Kingdom,YPTTTTL1_GY,Population mid-year estimates Total (growth rate),A,Annual,2008,2008,PC,Percentage,0,Units,,,0.8276172,,
GBR,United Kingdom,YPTTTTL1_GY,Population mid-year estimates Total (growth rate),A,Annual,2009,2009,PC,Percentage,0,Units,,,0.7237205,,
GBR,United Kingdom,YPTTTTL1_GY,Population mid-year estimates Total (growth rate),A,Annual,2010,2010,PC,Percentage,0,Units,,,0.7992254,,
GBR,United Kingdom,YPTTTTL1_GY,Population mid-year estimates Total (growth rate),A,Annual,2011,2011,PC,Percentage,0,Units,,,0.840777,,
GBR,United Kingdom,YPTTTTL1_GY,Population mid-year estimates Total (growth rate),A,Annual,2012,2012,PC,Percentage,0,Units,,,0.6784586,,
GBR,United Kingdom,YPTTTTL1_GY,Population mid-year estimates Total (growth rate),A,Annual,2013,2013,PC,Percentage,0,Units,,,0.6031582,,
GBR,United Kingdom,YPTTTTL1_GY,Population mid-year estimates Total (growth rate),A,Annual,2014,2014,PC,Percentage,0,Units,,,0.6516263,B,Break
ISR,Israel,YPTTTTL1_GY,Population mid-year estimates Total (growth rate),A,Annual,2000,2000,PC,Percentage,0,Units,,,2.675787,,
ISR,Israel,YPTTTTL1_GY,Population mid-year estimates Total (growth rate),A,Annual,2001,2001,PC,Percentage,0,Units,,,2.381861,,
ISR,Israel,YPTTTTL1_GY,Population mid-year estimates Total (growth rate),A,Annual,2002,2002,PC,Percentage,0,Units,,,2.034477,,
ISR,Israel,YPTTTTL1_GY,Population mid-year estimates Total (growth rate),A,Annual,2003,2003,PC,Percentage,0,Units,,,1.821918,,
ISR,Israel,YPTTTTL1_GY,Population mid-year estimates Total (growth rate),A,Annual,2004,2004,PC,Percentage,0,Units,,,1.783339,,
ISR,Israel,YPTTTTL1_GY,Population mid-year estimates Total (growth rate),A,Annual,2005,2005,PC,Percentage,0,Units,,,1.778528,,
ISR,Israel,YPTTTTL1_GY,Population mid-year estimates Total (growth rate),A,Annual,2006,2006,PC,Percentage,0,Units,,,1.783524,,
ISR,Israel,YPTTTTL1_GY,Population mid-year estimates Total (growth rate),A,Annual,2007,2007,PC,Percentage,0,Units,,,1.791967,,
ISR,Israel,YPTTTTL1_GY,Population mid-year estimates Total (growth rate),A,Annual,2008,2008,PC,Percentage,0,Units,,,1.792454,,
ISR,Israel,YPTTTTL1_GY,Population mid-year estimates Total (growth rate),A,Annual,2009,2009,PC,Percentage,0,Units,,,2.419002,,
ISR,Israel,YPTTTTL1_GY,Population mid-year estimates Total (growth rate),A,Annual,2010,2010,PC,Percentage,0,Units,,,1.84354,,
ISR,Israel,YPTTTTL1_GY,Population mid-year estimates Total (growth rate),A,Annual,2011,2011,PC,Percentage,0,Units,,,1.86526,,
ISR,Israel,YPTTTTL1_GY,Population mid-year estimates Total (growth rate),A,Annual,2012,2012,PC,Percentage,0,Units,,,1.863298,,
ISR,Israel,YPTTTTL1_GY,Population mid-year estimates Total (growth rate),A,Annual,2013,2013,PC,Percentage,0,Units,,,1.877252,,
JPN,Japan,YPTTTTL1_GY,Population mid-year estimates Total (growth rate),A,Annual,2000,2000,PC,Percentage,0,Units,,,0.1894448,,
JPN,Japan,YPTTTTL1_GY,Population mid-year estimates Total (growth rate),A,Annual,2001,2001,PC,Percentage,0,Units,,,0.2875691,,
JPN,Japan,YPTTTTL1_GY,Population mid-year estimates Total (growth rate),A,Annual,2002,2002,PC,Percentage,0,Units,,,0.1131266,,
JPN,Japan,YPTTTTL1_GY,Population mid-year estimates Total (growth rate),A,Annual,2003,2003,PC,Percentage,0,Units,,,0.1443873,,
JPN,Japan,YPTTTTL1_GY,Population mid-year estimates Total (growth rate),A,Annual,2004,2004,PC,Percentage,0,Units,,,0.0532836,,
JPN,Japan,YPTTTTL1_GY,Population mid-year estimates Total (growth rate),A,Annual,2005,2005,PC,Percentage,0,Units,,,0.06343637,,
JPN,Japan,YPTTTTL1_GY,Population mid-year estimates Total (growth rate),A,Annual,2006,2006,PC,Percentage,0,Units,,,0.001565337,,
JPN,Japan,YPTTTTL1_GY,Population mid-year estimates Total (growth rate),A,Annual,2007,2007,PC,Percentage,0,Units,,,0.000782656,,
JPN,Japan,YPTTTTL1_GY,Population mid-year estimates Total (growth rate),A,Annual,2008,2008,PC,Percentage,0,Units,,,-0.06182937,,
JPN,Japan,YPTTTTL1_GY,Population mid-year estimates Total (growth rate),A,Annual,2009,2009,PC,Percentage,0,Units,,,-0.1425305,,
JPN,Japan,YPTTTTL1_GY,Population mid-year estimates Total (growth rate),A,Annual,2010,2010,PC,Percentage,0,Units,,,0.428986,,
JPN,Japan,YPTTTTL1_GY,Population mid-year estimates Total (growth rate),A,Annual,2011,2011,PC,Percentage,0,Units,,,-0.2014728,,
JPN,Japan,YPTTTTL1_GY,Population mid-year estimates Total (growth rate),A,Annual,2012,2012,PC,Percentage,0,Units,,,-0.222224,,
JPN,Japan,YPTTTTL1_GY,Population mid-year estimates Total (growth rate),A,Annual,2013,2013,PC,Percentage,0,Units,,,-0.1701761,,
BEL,Belgium,YPTTTTL1_GY,Population mid-year estimates Total (growth rate),A,Annual,2000,2000,PC,Percentage,0,Units,,,0.2428123,,
BEL,Belgium,YPTTTTL1_GY,Population mid-year estimates Total (growth rate),A,Annual,2001,2001,PC,Percentage,0,Units,,,0.3445434,,
BEL,Belgium,YPTTTTL1_GY,Population mid-year estimates Total (growth rate),A,Annual,2002,2002,PC,Percentage,0,Units,,,0.4492752,,
BEL,Belgium,YPTTTTL1_GY,Population mid-year estimates Total (growth rate),A,Annual,2003,2003,PC,Percentage,0,Units,,,0.4195191,,
BEL,Belgium,YPTTTTL1_GY,Population mid-year estimates Total (growth rate),A,Annual,2004,2004,PC,Percentage,0,Units,,,0.4337262,,
BEL,Belgium,YPTTTTL1_GY,Population mid-year estimates Total (growth rate),A,Annual,2005,2005,PC,Percentage,0,Units,,,0.551581,,
BEL,Belgium,YPTTTTL1_GY,Population mid-year estimates Total (growth rate),A,Annual,2006,2006,PC,Percentage,0,Units,,,0.6617381,,
BEL,Belgium,YPTTTTL1_GY,Population mid-year estimates Total (growth rate),A,Annual,2007,2007,PC,Percentage,0,Units,,,0.7370337,,
BEL,Belgium,YPTTTTL1_GY,Population mid-year estimates Total (growth rate),A,Annual,2008,2008,PC,Percentage,0,Units,,,0.7931054,,
BEL,Belgium,YPTTTTL1_GY,Population mid-year estimates Total (growth rate),A,Annual,2009,2009,PC,Percentage,0,Units,,,0.8078358,,
BEL,Belgium,YPTTTTL1_GY,Population mid-year estimates Total (growth rate),A,Annual,2010,2010,PC,Percentage,0,Units,,,1.146474,,
BEL,Belgium,YPTTTTL1_GY,Population mid-year estimates Total (growth rate),A,Annual,2011,2011,PC,Percentage,0,Units,,,1.167306,,
BEL,Belgium,YPTTTTL1_GY,Population mid-year estimates Total (growth rate),A,Annual,2012,2012,PC,Percentage,0,Units,,,0.7286736,,
BEL,Belgium,YPTTTTL1_GY,Population mid-year estimates Total (growth rate),A,Annual,2013,2013,PC,Percentage,0,Units,,,0.4510145,,
BEL,Belgium,YPTTTTL1_GY,Population mid-year estimates Total (growth rate),A,Annual,2014,2014,PC,Percentage,0,Units,,,0.4369753,,
LUX,Luxembourg,YPTTTTL1_GY,Population mid-year estimates Total (growth rate),A,Annual,2000,2000,PC,Percentage,0,Units,,,1.353156,,
LUX,Luxembourg,YPTTTTL1_GY,Population mid-year estimates Total (growth rate),A,Annual,2001,2001,PC,Percentage,0,Units,,,1.191841,,
LUX,Luxembourg,YPTTTTL1_GY,Population mid-year estimates Total (growth rate),A,Annual,2002,2002,PC,Percentage,0,Units,,,1.064553,,
LUX,Luxembourg,YPTTTTL1_GY,Population mid-year estimates Total (growth rate),A,Annual,2003,2003,PC,Percentage,0,Units,,,0.8516361,,
LUX,Luxembourg,YPTTTTL1_GY,Population mid-year estimates Total (growth rate),A,Annual,2004,2004,PC,Percentage,0,Units,,,1.111111,,
LUX,Luxembourg,YPTTTTL1_GY,Population mid-year estimates Total (growth rate),A,Annual,2005,2005,PC,Percentage,0,Units,,,1.362637,,
LUX,Luxembourg,YPTTTTL1_GY,Population mid-year estimates Total (growth rate),A,Annual,2006,2006,PC,Percentage,0,Units,,,1.712923,,
LUX,Luxembourg,YPTTTTL1_GY,Population mid-year estimates Total (growth rate),A,Annual,2007,2007,PC,Percentage,0,Units,,,1.513537,,
LUX,Luxembourg,YPTTTTL1_GY,Population mid-year estimates Total (growth rate),A,Annual,2008,2008,PC,Percentage,0,Units,,,1.595968,,
LUX,Luxembourg,YPTTTTL1_GY,Population mid-year estimates Total (growth rate),A,Annual,2009,2009,PC,Percentage,0,Units,,,2.004961,,
LUX,Luxembourg,YPTTTTL1_GY,Population mid-year estimates Total (growth rate),A,Annual,2010,2010,PC,Percentage,0,Units,,,1.742655,,
LUX,Luxembourg,YPTTTTL1_GY,Population mid-year estimates Total (growth rate),A,Annual,2011,2011,PC,Percentage,0,Units,,,1.931886,,
LUX,Luxembourg,YPTTTTL1_GY,Population mid-year estimates Total (growth rate),A,Annual,2012,2012,PC,Percentage,0,Units,,,2.559594,,
LUX,Luxembourg,YPTTTTL1_GY,Population mid-year estimates Total (growth rate),A,Annual,2013,2013,PC,Percentage,0,Units,,,2.305201,,
LUX,Luxembourg,YPTTTTL1_GY,Population mid-year estimates Total (growth rate),A,Annual,2014,2014,PC,Percentage,0,Units,,,2.364991,,
BRA,Brazil,YPTTTTL1_GY,Population mid-year estimates Total (growth rate),A,Annual,2000,2000,PC,Percentage,0,Units,,,1.497053,,
BRA,Brazil,YPTTTTL1_GY,Population mid-year estimates Total (growth rate),A,Annual,2001,2001,PC,Percentage,0,Units,,,0.8538674,,
BRA,Brazil,YPTTTTL1_GY,Population mid-year estimates Total (growth rate),A,Annual,2002,2002,PC,Percentage,0,Units,,,1.351271,,
BRA,Brazil,YPTTTTL1_GY,Population mid-year estimates Total (growth rate),A,Annual,2003,2003,PC,Percentage,0,Units,,,1.304427,B,Break
BRA,Brazil,YPTTTTL1_GY,Population mid-year estimates Total (growth rate),A,Annual,2004,2004,PC,Percentage,0,Units,,,3.427431,,
BRA,Brazil,YPTTTTL1_GY,Population mid-year estimates Total (growth rate),A,Annual,2005,2005,PC,Percentage,0,Units,,,1.205943,,
BRA,Brazil,YPTTTTL1_GY,Population mid-year estimates Total (growth rate),A,Annual,2006,2006,PC,Percentage,0,Units,,,1.185231,,
BRA,Brazil,YPTTTTL1_GY,Population mid-year estimates Total (growth rate),A,Annual,2007,2007,PC,Percentage,0,Units,,,1.119021,,
BRA,Brazil,YPTTTTL1_GY,Population mid-year estimates Total (growth rate),A,Annual,2008,2008,PC,Percentage,0,Units,,,1.077064,,
BRA,Brazil,YPTTTTL1_GY,Population mid-year estimates Total (growth rate),A,Annual,2009,2009,PC,Percentage,0,Units,,,1.039206,,
BRA,Brazil,YPTTTTL1_GY,Population mid-year estimates Total (growth rate),A,Annual,2010,2010,PC,Percentage,0,Units,,,-0.3827514,,
BRA,Brazil,YPTTTTL1_GY,Population mid-year estimates Total (growth rate),A,Annual,2011,2011,PC,Percentage,0,Units,,,2.366174,,
BRA,Brazil,YPTTTTL1_GY,Population mid-year estimates Total (growth rate),A,Annual,2012,2012,PC,Percentage,0,Units,,,0.9420484,,
BRA,Brazil,YPTTTTL1_GY,Population mid-year estimates Total (growth rate),A,Annual,2013,2013,PC,Percentage,0,Units,,,0.8904736,,
FRA,France,YPTTTTL1_GY,Population mid-year estimates Total (growth rate),A,Annual,2000,2000,PC,Percentage,0,Units,,,0.6560958,,
FRA,France,YPTTTTL1_GY,Population mid-year estimates Total (growth rate),A,Annual,2001,2001,PC,Percentage,0,Units,,,0.7006998,,
FRA,France,YPTTTTL1_GY,Population mid-year estimates Total (growth rate),A,Annual,2002,2002,PC,Percentage,0,Units,,,0.702188,,
FRA,France,YPTTTTL1_GY,Population mid-year estimates Total (growth rate),A,Annual,2003,2003,PC,Percentage,0,Units,,,0.6841452,,
FRA,France,YPTTTTL1_GY,Population mid-year estimates Total (growth rate),A,Annual,2004,2004,PC,Percentage,0,Units,,,0.7142373,,
FRA,France,YPTTTTL1_GY,Population mid-year estimates Total (growth rate),A,Annual,2005,2005,PC,Percentage,0,Units,,,0.736249,,
FRA,France,YPTTTTL1_GY,Population mid-year estimates Total (growth rate),A,Annual,2006,2006,PC,Percentage,0,Units,,,0.6799229,,
FRA,France,YPTTTTL1_GY,Population mid-year estimates Total (growth rate),A,Annual,2007,2007,PC,Percentage,0,Units,,,0.596724,,
FRA,France,YPTTTTL1_GY,Population mid-year estimates Total (growth rate),A,Annual,2008,2008,PC,Percentage,0,Units,,,0.5410066,,
FRA,France,YPTTTTL1_GY,Population mid-year estimates Total (growth rate),A,Annual,2009,2009,PC,Percentage,0,Units,,,0.5059126,,
FRA,France,YPTTTTL1_GY,Population mid-year estimates Total (growth rate),A,Annual,2010,2010,PC,Percentage,0,Units,,,0.482816,,
FRA,France,YPTTTTL1_GY,Population mid-year estimates Total (growth rate),A,Annual,2011,2011,PC,Percentage,0,Units,,,0.4853444,,
FRA,France,YPTTTTL1_GY,Population mid-year estimates Total (growth rate),A,Annual,2012,2012,PC,Percentage,0,Units,,,0.4600292,,
FRA,France,YPTTTTL1_GY,Population mid-year estimates Total (growth rate),A,Annual,2013,2013,PC,Percentage,0,Units,,,0.4284693,,
FRA,France,YPTTTTL1_GY,Population mid-year estimates Total (growth rate),A,Annual,2014,2014,PC,Percentage,0,Units,,,0.4328628,B,Break
POL,Poland,YPTTTTL1_GY,Population mid-year estimates Total (growth rate),A,Annual,2000,2000,PC,Percentage,0,Units,,,-0.03658218,,
POL,Poland,YPTTTTL1_GY,Population mid-year estimates Total (growth rate),A,Annual,2001,2001,PC,Percentage,0,Units,,,-0.01306984,,
POL,Poland,YPTTTTL1_GY,Population mid-year estimates Total (growth rate),A,Annual,2002,2002,PC,Percentage,0,Units,,,-0.0496719,,
POL,Poland,YPTTTTL1_GY,Population mid-year estimates Total (growth rate),A,Annual,2003,2003,PC,Percentage,0,Units,,,-0.09677757,,
POL,Poland,YPTTTTL1_GY,Population mid-year estimates Total (growth rate),A,Annual,2004,2004,PC,Percentage,0,Units,,,-0.03927216,,
POL,Poland,YPTTTTL1_GY,Population mid-year estimates Total (growth rate),A,Annual,2005,2005,PC,Percentage,0,Units,,,-0.04976428,,
POL,Poland,YPTTTTL1_GY,Population mid-year estimates Total (growth rate),A,Annual,2006,2006,PC,Percentage,0,Units,,,-0.07599381,,
POL,Poland,YPTTTTL1_GY,Population mid-year estimates Total (growth rate),A,Annual,2007,2007,PC,Percentage,0,Units,,,-0.04195951,,
POL,Poland,YPTTTTL1_GY,Population mid-year estimates Total (growth rate),A,Annual,2008,2008,PC,Percentage,0,Units,,,0,,
POL,Poland,YPTTTTL1_GY,Population mid-year estimates Total (growth rate),A,Annual,2009,2009,PC,Percentage,0,Units,,,0.09707209,,
POL,Poland,YPTTTTL1_GY,Population mid-year estimates Total (growth rate),A,Annual,2010,2010,PC,Percentage,0,Units,,,0.9540534,,
POL,Poland,YPTTTTL1_GY,Population mid-year estimates Total (growth rate),A,Annual,2011,2011,PC,Percentage,0,Units,,,0.02336631,,
POL,Poland,YPTTTTL1_GY,Population mid-year estimates Total (growth rate),A,Annual,2012,2012,PC,Percentage,0,Units,,,0.0207652,,
POL,Poland,YPTTTTL1_GY,Population mid-year estimates Total (growth rate),A,Annual,2013,2013,PC,Percentage,0,Units,,,-0.08304355,,
POL,Poland,YPTTTTL1_GY,Population mid-year estimates Total (growth rate),A,Annual,2014,2014,PC,Percentage,0,Units,,,-0.04675082,,
SVK,Slovak Republic,YPTTTTL1_GY,Population mid-year estimates Total (growth rate),A,Annual,2000,2000,PC,Percentage,0,Units,,,-0.1352664,,
SVK,Slovak Republic,YPTTTTL1_GY,Population mid-year estimates Total (growth rate),A,Annual,2001,2001,PC,Percentage,0,Units,,,-0.1828449,,
SVK,Slovak Republic,YPTTTTL1_GY,Population mid-year estimates Total (growth rate),A,Annual,2002,2002,PC,Percentage,0,Units,,,-0.03634594,,
SVK,Slovak Republic,YPTTTTL1_GY,Population mid-year estimates Total (growth rate),A,Annual,2003,2003,PC,Percentage,0,Units,,,-0.06579985,,
SVK,Slovak Republic,YPTTTTL1_GY,Population mid-year estimates Total (growth rate),A,Annual,2004,2004,PC,Percentage,0,Units,,,-0.02035965,,
SVK,Slovak Republic,YPTTTTL1_GY,Population mid-year estimates Total (growth rate),A,Annual,2005,2005,PC,Percentage,0,Units,,,0.009791002,,
SVK,Slovak Republic,YPTTTTL1_GY,Population mid-year estimates Total (growth rate),A,Annual,2006,2006,PC,Percentage,0,Units,,,0.004615838,,
SVK,Slovak Republic,YPTTTTL1_GY,Population mid-year estimates Total (growth rate),A,Annual,2007,2007,PC,Percentage,0,Units,,,0.02918266,,
SVK,Slovak Republic,YPTTTTL1_GY,Population mid-year estimates Total (growth rate),A,Annual,2008,2008,PC,Percentage,0,Units,,,0.08577348,,
SVK,Slovak Republic,YPTTTTL1_GY,Population mid-year estimates Total (growth rate),A,Annual,2009,2009,PC,Percentage,0,Units,,,0.1333462,,
SVK,Slovak Republic,YPTTTTL1_GY,Population mid-year estimates Total (growth rate),A,Annual,2010,2010,PC,Percentage,0,Units,,,0.09325329,,
SVK,Slovak Republic,YPTTTTL1_GY,Population mid-year estimates Total (growth rate),A,Annual,2011,2011,PC,Percentage,0,Units,,,0.1290196,,
SVK,Slovak Republic,YPTTTTL1_GY,Population mid-year estimates Total (growth rate),A,Annual,2012,2012,PC,Percentage,0,Units,,,0.1703288,,
SVK,Slovak Republic,YPTTTTL1_GY,Population mid-year estimates Total (growth rate),A,Annual,2013,2013,PC,Percentage,0,Units,,,0.1547828,,
FIN,Finland,YPTTTTL1_GY,Population mid-year estimates Total (growth rate),A,Annual,2000,2000,PC,Percentage,0,Units,,,0.2129719,,
FIN,Finland,YPTTTTL1_GY,Population mid-year estimates Total (growth rate),A,Annual,2001,2001,PC,Percentage,0,Units,,,0.2318393,,
FIN,Finland,YPTTTTL1_GY,Population mid-year estimates Total (growth rate),A,Annual,2002,2002,PC,Percentage,0,Units,,,0.2505783,,
FIN,Finland,YPTTTTL1_GY,Population mid-year estimates Total (growth rate),A,Annual,2003,2003,PC,Percentage,0,Units,,,0.2307249,,
FIN,Finland,YPTTTTL1_GY,Population mid-year estimates Total (growth rate),A,Annual,2004,2004,PC,Percentage,0,Units,,,0.2877422,,
FIN,Finland,YPTTTTL1_GY,Population mid-year estimates Total (growth rate),A,Annual,2005,2005,PC,Percentage,0,Units,,,0.3442999,,
FIN,Finland,YPTTTTL1_GY,Population mid-year estimates Total (growth rate),A,Annual,2006,2006,PC,Percentage,0,Units,,,0.400305,,
FIN,Finland,YPTTTTL1_GY,Population mid-year estimates Total (growth rate),A,Annual,2007,2007,PC,Percentage,0,Units,,,0.4176951,,
FIN,Finland,YPTTTTL1_GY,Population mid-year estimates Total (growth rate),A,Annual,2008,2008,PC,Percentage,0,Units,,,0.453772,,
FIN,Finland,YPTTTTL1_GY,Population mid-year estimates Total (growth rate),A,Annual,2009,2009,PC,Percentage,0,Units,,,0.4893657,,
FIN,Finland,YPTTTTL1_GY,Population mid-year estimates Total (growth rate),A,Annual,2010,2010,PC,Percentage,0,Units,,,0.4495224,,
FIN,Finland,YPTTTTL1_GY,Population mid-year estimates Total (growth rate),A,Annual,2011,2011,PC,Percentage,0,Units,,,0.466157,,
FIN,Finland,YPTTTTL1_GY,Population mid-year estimates Total (growth rate),A,Annual,2012,2012,PC,Percentage,0,Units,,,0.4825538,,
FIN,Finland,YPTTTTL1_GY,Population mid-year estimates Total (growth rate),A,Annual,2013,2013,PC,Percentage,0,Units,,,0.4617658,,
FIN,Finland,YPTTTTL1_GY,Population mid-year estimates Total (growth rate),A,Annual,2014,2014,PC,Percentage,0,Units,,,0.6067291,,
SVN,Slovenia,YPTTTTL1_GY,Population mid-year estimates Total (growth rate),A,Annual,2000,2000,PC,Percentage,0,Units,,,0.2374648,,
SVN,Slovenia,YPTTTTL1_GY,Population mid-year estimates Total (growth rate),A,Annual,2001,2001,PC,Percentage,0,Units,,,0.08858085,,
SVN,Slovenia,YPTTTTL1_GY,Population mid-year estimates Total (growth rate),A,Annual,2002,2002,PC,Percentage,0,Units,,,0.1848863,,
SVN,Slovenia,YPTTTTL1_GY,Population mid-year estimates Total (growth rate),A,Annual,2003,2003,PC,Percentage,0,Units,,,0.05286318,,
SVN,Slovenia,YPTTTTL1_GY,Population mid-year estimates Total (growth rate),A,Annual,2004,2004,PC,Percentage,0,Units,,,0.01156867,,
SVN,Slovenia,YPTTTTL1_GY,Population mid-year estimates Total (growth rate),A,Annual,2005,2005,PC,Percentage,0,Units,,,0.2058083,,
SVN,Slovenia,YPTTTTL1_GY,Population mid-year estimates Total (growth rate),A,Annual,2006,2006,PC,Percentage,0,Units,,,0.369894,,
SVN,Slovenia,YPTTTTL1_GY,Population mid-year estimates Total (growth rate),A,Annual,2007,2007,PC,Percentage,0,Units,,,0.5421913,,
SVN,Slovenia,YPTTTTL1_GY,Population mid-year estimates Total (growth rate),A,Annual,2008,2008,PC,Percentage,0,Units,,,0.1596014,B,Break
SVN,Slovenia,YPTTTTL1_GY,Population mid-year estimates Total (growth rate),A,Annual,2009,2009,PC,Percentage,0,Units,,,0.9742765,,
SVN,Slovenia,YPTTTTL1_GY,Population mid-year estimates Total (growth rate),A,Annual,2010,2010,PC,Percentage,0,Units,,,0.3391216,,
SVN,Slovenia,YPTTTTL1_GY,Population mid-year estimates Total (growth rate),A,Annual,2011,2011,PC,Percentage,0,Units,,,0.1578618,,
SVN,Slovenia,YPTTTTL1_GY,Population mid-year estimates Total (growth rate),A,Annual,2012,2012,PC,Percentage,0,Units,,,0.1834839,,
SVN,Slovenia,YPTTTTL1_GY,Population mid-year estimates Total (growth rate),A,Annual,2013,2013,PC,Percentage,0,Units,,,0.1386983,,
SVN,Slovenia,YPTTTTL1_GY,Population mid-year estimates Total (growth rate),A,Annual,2014,2014,PC,Percentage,0,Units,,,0.1218485,,
SWE,Sweden,YPTTTTL1_GY,Population mid-year estimates Total (growth rate),A,Annual,2000,2000,PC,Percentage,0,Units,,,0.1607045,,
SWE,Sweden,YPTTTTL1_GY,Population mid-year estimates Total (growth rate),A,Annual,2001,2001,PC,Percentage,0,Units,,,0.2688312,,
SWE,Sweden,YPTTTTL1_GY,Population mid-year estimates Total (growth rate),A,Annual,2002,2002,PC,Percentage,0,Units,,,0.3259682,,
SWE,Sweden,YPTTTTL1_GY,Population mid-year estimates Total (growth rate),A,Annual,2003,2003,PC,Percentage,0,Units,,,0.3727861,,
SWE,Sweden,YPTTTTL1_GY,Population mid-year estimates Total (growth rate),A,Annual,2004,2004,PC,Percentage,0,Units,,,0.3940734,,
SWE,Sweden,YPTTTTL1_GY,Population mid-year estimates Total (growth rate),A,Annual,2005,2005,PC,Percentage,0,Units,,,0.4007436,,
SWE,Sweden,YPTTTTL1_GY,Population mid-year estimates Total (growth rate),A,Annual,2006,2006,PC,Percentage,0,Units,,,0.5640578,,
SWE,Sweden,YPTTTTL1_GY,Population mid-year estimates Total (growth rate),A,Annual,2007,2007,PC,Percentage,0,Units,,,0.7443199,,
SWE,Sweden,YPTTTTL1_GY,Population mid-year estimates Total (growth rate),A,Annual,2008,2008,PC,Percentage,0,Units,,,0.7820756,,
SWE,Sweden,YPTTTTL1_GY,Population mid-year estimates Total (growth rate),A,Annual,2009,2009,PC,Percentage,0,Units,,,0.8555326,,
SWE,Sweden,YPTTTTL1_GY,Population mid-year estimates Total (growth rate),A,Annual,2010,2010,PC,Percentage,0,Units,,,0.8561798,,
SWE,Sweden,YPTTTTL1_GY,Population mid-year estimates Total (growth rate),A,Annual,2011,2011,PC,Percentage,0,Units,,,0.7579979,,
SWE,Sweden,YPTTTTL1_GY,Population mid-year estimates Total (growth rate),A,Annual,2012,2012,PC,Percentage,0,Units,,,0.7425169,,
SWE,Sweden,YPTTTTL1_GY,Population mid-year estimates Total (growth rate),A,Annual,2013,2013,PC,Percentage,0,Units,,,0.9415115,B,Break
ISL,Iceland,YPTTTTL1_GY,Population mid-year estimates Total (growth rate),A,Annual,2000,2000,PC,Percentage,0,Units,,,1.443001,,
ISL,Iceland,YPTTTTL1_GY,Population mid-year estimates Total (growth rate),A,Annual,2001,2001,PC,Percentage,0,Units,,,1.370555,,
ISL,Iceland,YPTTTTL1_GY,Population mid-year estimates Total (growth rate),A,Annual,2002,2002,PC,Percentage,0,Units,,,0.8787808,,
ISL,Iceland,YPTTTTL1_GY,Population mid-year estimates Total (growth rate),A,Annual,2003,2003,PC,Percentage,0,Units,,,0.5957038,,
ISL,Iceland,YPTTTTL1_GY,Population mid-year estimates Total (growth rate),A,Annual,2004,2004,PC,Percentage,0,Units,,,1.14598,,
ISL,Iceland,YPTTTTL1_GY,Population mid-year estimates Total (growth rate),A,Annual,2005,2005,PC,Percentage,0,Units,,,1.120009,,
ISL,Iceland,YPTTTTL1_GY,Population mid-year estimates Total (growth rate),A,Annual,2006,2006,PC,Percentage,0,Units,,,2.862802,,
ISL,Iceland,YPTTTTL1_GY,Population mid-year estimates Total (growth rate),A,Annual,2007,2007,PC,Percentage,0,Units,,,2.320477,,
ISL,Iceland,YPTTTTL1_GY,Population mid-year estimates Total (growth rate),A,Annual,2008,2008,PC,Percentage,0,Units,,,2.55591,,
ISL,Iceland,YPTTTTL1_GY,Population mid-year estimates Total (growth rate),A,Annual,2009,2009,PC,Percentage,0,Units,,,-0.0341313,,
ISL,Iceland,YPTTTTL1_GY,Population mid-year estimates Total (growth rate),A,Annual,2010,2010,PC,Percentage,0,Units,,,-0.3884152,,
ISL,Iceland,YPTTTTL1_GY,Population mid-year estimates Total (growth rate),A,Annual,2011,2011,PC,Percentage,0,Units,,,0.3169751,,
ISL,Iceland,YPTTTTL1_GY,Population mid-year estimates Total (growth rate),A,Annual,2012,2012,PC,Percentage,0,Units,,,0.5335189,,
ISL,Iceland,YPTTTTL1_GY,Population mid-year estimates Total (growth rate),A,Annual,2013,2013,PC,Percentage,0,Units,,,0.9503735,,
ISL,Iceland,YPTTTTL1_GY,Population mid-year estimates Total (growth rate),A,Annual,2014,2014,PC,Percentage,0,Units,,,1.118562,,
ITA,Italy,YPTTTTL1_GY,Population mid-year estimates Total (growth rate),A,Annual,2000,2000,PC,Percentage,0,Units,,,0.194476,,
ITA,Italy,YPTTTTL1_GY,Population mid-year estimates Total (growth rate),A,Annual,2001,2001,PC,Percentage,0,Units,,,0.2780255,,
ITA,Italy,YPTTTTL1_GY,Population mid-year estimates Total (growth rate),A,Annual,2002,2002,PC,Percentage,0,Units,,,0.2197112,,
ITA,Italy,YPTTTTL1_GY,Population mid-year estimates Total (growth rate),A,Annual,2003,2003,PC,Percentage,0,Units,,,0.006959669,,
ITA,Italy,YPTTTTL1_GY,Population mid-year estimates Total (growth rate),A,Annual,2004,2004,PC,Percentage,0,Units,,,-0.3141045,,
ITA,Italy,YPTTTTL1_GY,Population mid-year estimates Total (growth rate),A,Annual,2005,2005,PC,Percentage,0,Units,,,0.73035,,
ITA,Italy,YPTTTTL1_GY,Population mid-year estimates Total (growth rate),A,Annual,2006,2006,PC,Percentage,0,Units,,,0.4647677,,
ITA,Italy,YPTTTTL1_GY,Population mid-year estimates Total (growth rate),A,Annual,2007,2007,PC,Percentage,0,Units,,,0.4962043,,
ITA,Italy,YPTTTTL1_GY,Population mid-year estimates Total (growth rate),A,Annual,2008,2008,PC,Percentage,0,Units,,,0.8027523,,
ITA,Italy,YPTTTTL1_GY,Population mid-year estimates Total (growth rate),A,Annual,2009,2009,PC,Percentage,0,Units,,,0.6816807,,
ITA,Italy,YPTTTTL1_GY,Population mid-year estimates Total (growth rate),A,Annual,2010,2010,PC,Percentage,0,Units,,,0.4727064,,
ITA,Italy,YPTTTTL1_GY,Population mid-year estimates Total (growth rate),A,Annual,2011,2011,PC,Percentage,0,Units,,,0.4039657,,
ITA,Italy,YPTTTTL1_GY,Population mid-year estimates Total (growth rate),A,Annual,2012,2012,PC,Percentage,0,Units,,,0.3995026,,
ITA,Italy,YPTTTTL1_GY,Population mid-year estimates Total (growth rate),A,Annual,2013,2013,PC,Percentage,0,Units,,,0.545427,,
ITA,Italy,YPTTTTL1_GY,Population mid-year estimates Total (growth rate),A,Annual,2014,2014,PC,Percentage,0,Units,,,0.3705803,,
NLD,Netherlands,YPTTTTL1_GY,Population mid-year estimates Total (growth rate),A,Annual,2000,2000,PC,Percentage,0,Units,,,0.717331,,
NLD,Netherlands,YPTTTTL1_GY,Population mid-year estimates Total (growth rate),A,Annual,2001,2001,PC,Percentage,0,Units,,,0.7576993,,
NLD,Netherlands,YPTTTTL1_GY,Population mid-year estimates Total (growth rate),A,Annual,2002,2002,PC,Percentage,0,Units,,,0.64033,,
NLD,Netherlands,YPTTTTL1_GY,Population mid-year estimates Total (growth rate),A,Annual,2003,2003,PC,Percentage,0,Units,,,0.4729323,,
NLD,Netherlands,YPTTTTL1_GY,Population mid-year estimates Total (growth rate),A,Annual,2004,2004,PC,Percentage,0,Units,,,0.3480798,,
NLD,Netherlands,YPTTTTL1_GY,Population mid-year estimates Total (growth rate),A,Annual,2005,2005,PC,Percentage,0,Units,,,0.2339364,,
NLD,Netherlands,YPTTTTL1_GY,Population mid-year estimates Total (growth rate),A,Annual,2006,2006,PC,Percentage,0,Units,,,0.1607427,,
NLD,Netherlands,YPTTTTL1_GY,Population mid-year estimates Total (growth rate),A,Annual,2007,2007,PC,Percentage,0,Units,,,0.2177553,,
NLD,Netherlands,YPTTTTL1_GY,Population mid-year estimates Total (growth rate),A,Annual,2008,2008,PC,Percentage,0,Units,,,0.3900543,,
NLD,Netherlands,YPTTTTL1_GY,Population mid-year estimates Total (growth rate),A,Annual,2009,2009,PC,Percentage,0,Units,,,0.5156093,,
NLD,Netherlands,YPTTTTL1_GY,Population mid-year estimates Total (growth rate),A,Annual,2010,2010,PC,Percentage,0,Units,,,0.5142408,,
NLD,Netherlands,YPTTTTL1_GY,Population mid-year estimates Total (growth rate),A,Annual,2011,2011,PC,Percentage,0,Units,,,0.4675153,,
NLD,Netherlands,YPTTTTL1_GY,Population mid-year estimates Total (growth rate),A,Annual,2012,2012,PC,Percentage,0,Units,,,0.3707406,,
NLD,Netherlands,YPTTTTL1_GY,Population mid-year estimates Total (growth rate),A,Annual,2013,2013,PC,Percentage,0,Units,,,0.2952588,B,Break
CZE,Czech Republic,YPTTTTL1_GY,Population mid-year estimates Total (growth rate),A,Annual,2000,2000,PC,Percentage,0,Units,,,-0.09998265,,
CZE,Czech Republic,YPTTTTL1_GY,Population mid-year estimates Total (growth rate),A,Annual,2001,2001,PC,Percentage,0,Units,,,-0.4702943,,
CZE,Czech Republic,YPTTTTL1_GY,Population mid-year estimates Total (growth rate),A,Annual,2002,2002,PC,Percentage,0,Units,,,-0.229045,,
CZE,Czech Republic,YPTTTTL1_GY,Population mid-year estimates Total (growth rate),A,Annual,2003,2003,PC,Percentage,0,Units,,,0.008597387,,
CZE,Czech Republic,YPTTTTL1_GY,Population mid-year estimates Total (growth rate),A,Annual,2004,2004,PC,Percentage,0,Units,,,0.05167791,,
CZE,Czech Republic,YPTTTTL1_GY,Population mid-year estimates Total (growth rate),A,Annual,2005,2005,PC,Percentage,0,Units,,,0.2661821,,
CZE,Czech Republic,YPTTTTL1_GY,Population mid-year estimates Total (growth rate),A,Annual,2006,2006,PC,Percentage,0,Units,,,0.3180937,,
CZE,Czech Republic,YPTTTTL1_GY,Population mid-year estimates Total (growth rate),A,Annual,2007,2007,PC,Percentage,0,Units,,,0.5458745,,
CZE,Czech Republic,YPTTTTL1_GY,Population mid-year estimates Total (growth rate),A,Annual,2008,2008,PC,Percentage,0,Units,,,1.036581,,
CZE,Czech Republic,YPTTTTL1_GY,Population mid-year estimates Total (growth rate),A,Annual,2009,2009,PC,Percentage,0,Units,,,0.5925391,,
CZE,Czech Republic,YPTTTTL1_GY,Population mid-year estimates Total (growth rate),A,Annual,2010,2010,PC,Percentage,0,Units,,,0.2454846,,
CZE,Czech Republic,YPTTTTL1_GY,Population mid-year estimates Total (growth rate),A,Annual,2011,2011,PC,Percentage,0,Units,,,-0.195631,,
CZE,Czech Republic,YPTTTTL1_GY,Population mid-year estimates Total (growth rate),A,Annual,2012,2012,PC,Percentage,0,Units,,,0.1201714,,
CZE,Czech Republic,YPTTTTL1_GY,Population mid-year estimates Total (growth rate),A,Annual,2013,2013,PC,Percentage,0,Units,,,0.01363556,,
CZE,Czech Republic,YPTTTTL1_GY,Population mid-year estimates Total (growth rate),A,Annual,2014,2014,PC,Percentage,0,Units,,,0.1338063,,
CAN,Canada,YPTTTTL1_GY,Population mid-year estimates Total (growth rate),A,Annual,2000,2000,PC,Percentage,0,Units,,,0.9356315,,
CAN,Canada,YPTTTTL1_GY,Population mid-year estimates Total (growth rate),A,Annual,2001,2001,PC,Percentage,0,Units,,,1.08614,,
CAN,Canada,YPTTTTL1_GY,Population mid-year estimates Total (growth rate),A,Annual,2002,2002,PC,Percentage,0,Units,,,1.078809,,
CAN,Canada,YPTTTTL1_GY,Population mid-year estimates Total (growth rate),A,Annual,2003,2003,PC,Percentage,0,Units,,,0.912219,,
CAN,Canada,YPTTTTL1_GY,Population mid-year estimates Total (growth rate),A,Annual,2004,2004,PC,Percentage,0,Units,,,0.9513563,,
CAN,Canada,YPTTTTL1_GY,Population mid-year estimates Total (growth rate),A,Annual,2005,2005,PC,Percentage,0,Units,,,0.9534332,,
CAN,Canada,YPTTTTL1_GY,Population mid-year estimates Total (growth rate),A,Annual,2006,2006,PC,Percentage,0,Units,,,1.02609,,
CAN,Canada,YPTTTTL1_GY,Population mid-year estimates Total (growth rate),A,Annual,2007,2007,PC,Percentage,0,Units,,,1.078838,,
CAN,Canada,YPTTTTL1_GY,Population mid-year estimates Total (growth rate),A,Annual,2008,2008,PC,Percentage,0,Units,,,1.18486,,
CAN,Canada,YPTTTTL1_GY,Population mid-year estimates Total (growth rate),A,Annual,2009,2009,PC,Percentage,0,Units,,,1.228336,,
CAN,Canada,YPTTTTL1_GY,Population mid-year estimates Total (growth rate),A,Annual,2010,2010,PC,Percentage,0,Units,,,1.184905,,
CAN,Canada,YPTTTTL1_GY,Population mid-year estimates Total (growth rate),A,Annual,2011,2011,PC,Percentage,0,Units,,,1.047361,,
CAN,Canada,YPTTTTL1_GY,Population mid-year estimates Total (growth rate),A,Annual,2012,2012,PC,Percentage,0,Units,,,1.149856,B,Break
CAN,Canada,YPTTTTL1_GY,Population mid-year estimates Total (growth rate),A,Annual,2013,2013,PC,Percentage,0,Units,,,0.7841318,,
CAN,Canada,YPTTTTL1_GY,Population mid-year estimates Total (growth rate),A,Annual,2014,2014,PC,Percentage,0,Units,,,1.098026,,
NOR,Norway,YPTTTTL1_GY,Population mid-year estimates Total (growth rate),A,Annual,2000,2000,PC,Percentage,0,Units,,,0.6499327,,
NOR,Norway,YPTTTTL1_GY,Population mid-year estimates Total (growth rate),A,Annual,2001,2001,PC,Percentage,0,Units,,,0.5121354,,
NOR,Norway,YPTTTTL1_GY,Population mid-year estimates Total (growth rate),A,Annual,2002,2002,PC,Percentage,0,Units,,,0.5316792,,
NOR,Norway,YPTTTTL1_GY,Population mid-year estimates Total (growth rate),A,Annual,2003,2003,PC,Percentage,0,Units,,,0.5729396,,
NOR,Norway,YPTTTTL1_GY,Population mid-year estimates Total (growth rate),A,Annual,2004,2004,PC,Percentage,0,Units,,,0.611525,,
NOR,Norway,YPTTTTL1_GY,Population mid-year estimates Total (growth rate),A,Annual,2005,2005,PC,Percentage,0,Units,,,0.6833975,,
NOR,Norway,YPTTTTL1_GY,Population mid-year estimates Total (growth rate),A,Annual,2006,2006,PC,Percentage,0,Units,,,0.8156311,,
NOR,Norway,YPTTTTL1_GY,Population mid-year estimates Total (growth rate),A,Annual,2007,2007,PC,Percentage,0,Units,,,1.029822,,
NOR,Norway,YPTTTTL1_GY,Population mid-year estimates Total (growth rate),A,Annual,2008,2008,PC,Percentage,0,Units,,,1.25292,,
NOR,Norway,YPTTTTL1_GY,Population mid-year estimates Total (growth rate),A,Annual,2009,2009,PC,Percentage,0,Units,,,1.273605,,
NOR,Norway,YPTTTTL1_GY,Population mid-year estimates Total (growth rate),A,Annual,2010,2010,PC,Percentage,0,Units,,,1.248249,,
NOR,Norway,YPTTTTL1_GY,Population mid-year estimates Total (growth rate),A,Annual,2011,2011,PC,Percentage,0,Units,,,1.309061,,
NOR,Norway,YPTTTTL1_GY,Population mid-year estimates Total (growth rate),A,Annual,2012,2012,PC,Percentage,0,Units,,,1.332526,,
NOR,Norway,YPTTTTL1_GY,Population mid-year estimates Total (growth rate),A,Annual,2013,2013,PC,Percentage,0,Units,,,1.215382,,
NOR,Norway,YPTTTTL1_GY,Population mid-year estimates Total (growth rate),A,Annual,2014,2014,PC,Percentage,0,Units,,,1.122047,,
USA,United States,YPTTTTL1_GY,Population mid-year estimates Total (growth rate),A,Annual,2000,2000,PC,Percentage,0,Units,,,1.118922,,
USA,United States,YPTTTTL1_GY,Population mid-year estimates Total (growth rate),A,Annual,2001,2001,PC,Percentage,0,Units,,,0.9946555,,
USA,United States,YPTTTTL1_GY,Population mid-year estimates Total (growth rate),A,Annual,2002,2002,PC,Percentage,0,Units,,,0.9321148,,
USA,United States,YPTTTTL1_GY,Population mid-year estimates Total (growth rate),A,Annual,2003,2003,PC,Percentage,0,Units,,,0.8631859,,
USA,United States,YPTTTTL1_GY,Population mid-year estimates Total (growth rate),A,Annual,2004,2004,PC,Percentage,0,Units,,,0.9297798,,
USA,United States,YPTTTTL1_GY,Population mid-year estimates Total (growth rate),A,Annual,2005,2005,PC,Percentage,0,Units,,,0.925974,,
USA,United States,YPTTTTL1_GY,Population mid-year estimates Total (growth rate),A,Annual,2006,2006,PC,Percentage,0,Units,,,0.9689178,,
USA,United States,YPTTTTL1_GY,Population mid-year estimates Total (growth rate),A,Annual,2007,2007,PC,Percentage,0,Units,,,0.9555922,,
USA,United States,YPTTTTL1_GY,Population mid-year estimates Total (growth rate),A,Annual,2008,2008,PC,Percentage,0,Units,,,0.9503527,,
USA,United States,YPTTTTL1_GY,Population mid-year estimates Total (growth rate),A,Annual,2009,2009,PC,Percentage,0,Units,,,0.8805051,,
USA,United States,YPTTTTL1_GY,Population mid-year estimates Total (growth rate),A,Annual,2010,2010,PC,Percentage,0,Units,,,0.839559,,
USA,United States,YPTTTTL1_GY,Population mid-year estimates Total (growth rate),A,Annual,2011,2011,PC,Percentage,0,Units,,,0.7676087,,
USA,United States,YPTTTTL1_GY,Population mid-year estimates Total (growth rate),A,Annual,2012,2012,PC,Percentage,0,Units,,,0.7668528,,
USA,United States,YPTTTTL1_GY,Population mid-year estimates Total (growth rate),A,Annual,2013,2013,PC,Percentage,0,Units,,,0.7595767,,
USA,United States,YPTTTTL1_GY,Population mid-year estimates Total (growth rate),A,Annual,2014,2014,PC,Percentage,0,Units,,,0.7453443,B,Break
DEU,Germany,YPTTTTL1_GY,Population mid-year estimates Total (growth rate),A,Annual,2000,2000,PC,Percentage,0,Units,,,0.1658051,,
DEU,Germany,YPTTTTL1_GY,Population mid-year estimates Total (growth rate),A,Annual,2001,2001,PC,Percentage,0,Units,,,0.1424051,,
DEU,Germany,YPTTTTL1_GY,Population mid-year estimates Total (growth rate),A,Annual,2002,2002,PC,Percentage,0,Units,,,0.2175578,,
DEU,Germany,YPTTTTL1_GY,Population mid-year estimates Total (growth rate),A,Annual,2003,2003,PC,Percentage,0,Units,,,0.05578733,,
DEU,Germany,YPTTTTL1_GY,Population mid-year estimates Total (growth rate),A,Annual,2004,2004,PC,Percentage,0,Units,,,-0.01333301,,
DEU,Germany,YPTTTTL1_GY,Population mid-year estimates Total (growth rate),A,Annual,2005,2005,PC,Percentage,0,Units,,,-0.03151859,,
DEU,Germany,YPTTTTL1_GY,Population mid-year estimates Total (growth rate),A,Annual,2006,2006,PC,Percentage,0,Units,,,-0.116413,,
DEU,Germany,YPTTTTL1_GY,Population mid-year estimates Total (growth rate),A,Annual,2007,2007,PC,Percentage,0,Units,,,-0.1359735,,
DEU,Germany,YPTTTTL1_GY,Population mid-year estimates Total (growth rate),A,Annual,2008,2008,PC,Percentage,0,Units,,,-0.1483156,,
DEU,Germany,YPTTTTL1_GY,Population mid-year estimates Total (growth rate),A,Annual,2009,2009,PC,Percentage,0,Units,,,-0.2812443,,
DEU,Germany,YPTTTTL1_GY,Population mid-year estimates Total (growth rate),A,Annual,2010,2010,PC,Percentage,0,Units,,,-0.230758,,
DEU,Germany,YPTTTTL1_GY,Population mid-year estimates Total (growth rate),A,Annual,2011,2011,PC,Percentage,0,Units,,,-1.79404,,
DEU,Germany,YPTTTTL1_GY,Population mid-year estimates Total (growth rate),A,Annual,2012,2012,PC,Percentage,0,Units,,,0.2043639,,
DEU,Germany,YPTTTTL1_GY,Population mid-year estimates Total (growth rate),A,Annual,2013,2013,PC,Percentage,0,Units,,,0.2462288,,
DEU,Germany,YPTTTTL1_GY,Population mid-year estimates Total (growth rate),A,Annual,2014,2014,PC,Percentage,0,Units,,,0.3535498,,
PRT,Portugal,YPTTTTL1_GY,Population mid-year estimates Total (growth rate),A,Annual,2000,2000,PC,Percentage,0,Units,,,0.7053358,,
PRT,Portugal,YPTTTTL1_GY,Population mid-year estimates Total (growth rate),A,Annual,2001,2001,PC,Percentage,0,Units,,,0.7077135,,
PRT,Portugal,YPTTTTL1_GY,Population mid-year estimates Total (growth rate),A,Annual,2002,2002,PC,Percentage,0,Units,,,0.5491704,,
PRT,Portugal,YPTTTTL1_GY,Population mid-year estimates Total (growth rate),A,Annual,2003,2003,PC,Percentage,0,Units,,,0.3761266,,
PRT,Portugal,YPTTTTL1_GY,Population mid-year estimates Total (growth rate),A,Annual,2004,2004,PC,Percentage,0,Units,,,0.2394151,,
PRT,Portugal,YPTTTTL1_GY,Population mid-year estimates Total (growth rate),A,Annual,2005,2005,PC,Percentage,0,Units,,,0.1857045,,
PRT,Portugal,YPTTTTL1_GY,Population mid-year estimates Total (growth rate),A,Annual,2006,2006,PC,Percentage,0,Units,,,0.1804951,,
PRT,Portugal,YPTTTTL1_GY,Population mid-year estimates Total (growth rate),A,Annual,2007,2007,PC,Percentage,0,Units,,,0.1964877,,
PRT,Portugal,YPTTTTL1_GY,Population mid-year estimates Total (growth rate),A,Annual,2008,2008,PC,Percentage,0,Units,,,0.1442953,,
PRT,Portugal,YPTTTTL1_GY,Population mid-year estimates Total (growth rate),A,Annual,2009,2009,PC,Percentage,0,Units,,,0.09537632,,
PRT,Portugal,YPTTTTL1_GY,Population mid-year estimates Total (growth rate),A,Annual,2010,2010,PC,Percentage,0,Units,,,0.04593004,,
PRT,Portugal,YPTTTTL1_GY,Population mid-year estimates Total (growth rate),A,Annual,2011,2011,PC,Percentage,0,Units,,,-0.1469862,,
PRT,Portugal,YPTTTTL1_GY,Population mid-year estimates Total (growth rate),A,Annual,2012,2012,PC,Percentage,0,Units,,,-0.4046011,,
PRT,Portugal,YPTTTTL1_GY,Population mid-year estimates Total (growth rate),A,Annual,2013,2013,PC,Percentage,0,Units,,,-0.5473025,B,Break
CHL,Chile,YPTTTTL1_GY,Population mid-year estimates Total (growth rate),A,Annual,2000,2000,PC,Percentage,0,Units,,,1.319788,,
CHL,Chile,YPTTTTL1_GY,Population mid-year estimates Total (growth rate),A,Annual,2001,2001,PC,Percentage,0,Units,,,1.129351,,
CHL,Chile,YPTTTTL1_GY,Population mid-year estimates Total (growth rate),A,Annual,2002,2002,PC,Percentage,0,Units,,,0.6203056,,
CHL,Chile,YPTTTTL1_GY,Population mid-year estimates Total (growth rate),A,Annual,2003,2003,PC,Percentage,0,Units,,,1.082219,,
CHL,Chile,YPTTTTL1_GY,Population mid-year estimates Total (growth rate),A,Annual,2004,2004,PC,Percentage,0,Units,,,1.034441,,
CHL,Chile,YPTTTTL1_GY,Population mid-year estimates Total (growth rate),A,Annual,2005,2005,PC,Percentage,0,Units,,,1.022687,,
CHL,Chile,YPTTTTL1_GY,Population mid-year estimates Total (growth rate),A,Annual,2006,2006,PC,Percentage,0,Units,,,1.032179,,
CHL,Chile,YPTTTTL1_GY,Population mid-year estimates Total (growth rate),A,Annual,2007,2007,PC,Percentage,0,Units,,,1.05741,,
CHL,Chile,YPTTTTL1_GY,Population mid-year estimates Total (growth rate),A,Annual,2008,2008,PC,Percentage,0,Units,,,1.102608,,
CHL,Chile,YPTTTTL1_GY,Population mid-year estimates Total (growth rate),A,Annual,2009,2009,PC,Percentage,0,Units,,,1.138106,,
CHL,Chile,YPTTTTL1_GY,Population mid-year estimates Total (growth rate),A,Annual,2010,2010,PC,Percentage,0,Units,,,1.122105,,
CHL,Chile,YPTTTTL1_GY,Population mid-year estimates Total (growth rate),A,Annual,2011,2011,PC,Percentage,0,Units,,,1.109712,,
CHL,Chile,YPTTTTL1_GY,Population mid-year estimates Total (growth rate),A,Annual,2012,2012,PC,Percentage,0,Units,,,1.096878,,
CHL,Chile,YPTTTTL1_GY,Population mid-year estimates Total (growth rate),A,Annual,2013,2013,PC,Percentage,0,Units,,,1.070692,,
CHL,Chile,YPTTTTL1_GY,Population mid-year estimates Total (growth rate),A,Annual,2014,2014,PC,Percentage,0,Units,,,1.063291,,
HUN,Hungary,YPTTTTL1_GY,Population mid-year estimates Total (growth rate),A,Annual,2000,2000,PC,Percentage,0,Units,,,-0.2637234,,
HUN,Hungary,YPTTTTL1_GY,Population mid-year estimates Total (growth rate),A,Annual,2001,2001,PC,Percentage,0,Units,,,-0.2252473,,
HUN,Hungary,YPTTTTL1_GY,Population mid-year estimates Total (growth rate),A,Annual,2002,2002,PC,Percentage,0,Units,,,-0.2846486,,
HUN,Hungary,YPTTTTL1_GY,Population mid-year estimates Total (growth rate),A,Annual,2003,2003,PC,Percentage,0,Units,,,-0.2854612,,
HUN,Hungary,YPTTTTL1_GY,Population mid-year estimates Total (growth rate),A,Annual,2004,2004,PC,Percentage,0,Units,,,-0.2270484,,
HUN,Hungary,YPTTTTL1_GY,Population mid-year estimates Total (growth rate),A,Annual,2005,2005,PC,Percentage,0,Units,,,-0.1978827,B,Break
HUN,Hungary,YPTTTTL1_GY,Population mid-year estimates Total (growth rate),A,Annual,2006,2006,PC,Percentage,0,Units,,,-0.15862,,
HUN,Hungary,YPTTTTL1_GY,Population mid-year estimates Total (growth rate),A,Annual,2007,2007,PC,Percentage,0,Units,,,-0.1489425,,
HUN,Hungary,YPTTTTL1_GY,Population mid-year estimates Total (growth rate),A,Annual,2008,2008,PC,Percentage,0,Units,,,-0.1789976,,
HUN,Hungary,YPTTTTL1_GY,Population mid-year estimates Total (growth rate),A,Annual,2009,2009,PC,Percentage,0,Units,,,-0.1494322,,
HUN,Hungary,YPTTTTL1_GY,Population mid-year estimates Total (growth rate),A,Annual,2010,2010,PC,Percentage,0,Units,,,-0.2294722,,
HUN,Hungary,YPTTTTL1_GY,Population mid-year estimates Total (growth rate),A,Annual,2011,2011,PC,Percentage,0,Units,,,-0.28,,
HUN,Hungary,YPTTTTL1_GY,Population mid-year estimates Total (growth rate),A,Annual,2012,2012,PC,Percentage,0,Units,,,-0.5214601,,
HUN,Hungary,YPTTTTL1_GY,Population mid-year estimates Total (growth rate),A,Annual,2013,2013,PC,Percentage,0,Units,,,-0.2721774,,
HUN,Hungary,YPTTTTL1_GY,Population mid-year estimates Total (growth rate),A,Annual,2014,2014,PC,Percentage,0,Units,,,-0.3032447,,
TUR,Turkey,YPTTTTL1_GY,Population mid-year estimates Total (growth rate),A,Annual,2000,2000,PC,Percentage,0,Units,,,1.427863,,
TUR,Turkey,YPTTTTL1_GY,Population mid-year estimates Total (growth rate),A,Annual,2001,2001,PC,Percentage,0,Units,,,1.396603,,
TUR,Turkey,YPTTTTL1_GY,Population mid-year estimates Total (growth rate),A,Annual,2002,2002,PC,Percentage,0,Units,,,1.28314,,
TUR,Turkey,YPTTTTL1_GY,Population mid-year estimates Total (growth rate),A,Annual,2003,2003,PC,Percentage,0,Units,,,1.200023,,
TUR,Turkey,YPTTTTL1_GY,Population mid-year estimates Total (growth rate),A,Annual,2004,2004,PC,Percentage,0,Units,,,1.203968,,
TUR,Turkey,YPTTTTL1_GY,Population mid-year estimates Total (growth rate),A,Annual,2005,2005,PC,Percentage,0,Units,,,1.237662,,
TUR,Turkey,YPTTTTL1_GY,Population mid-year estimates Total (growth rate),A,Annual,2006,2006,PC,Percentage,0,Units,,,1.256474,,
TUR,Turkey,YPTTTTL1_GY,Population mid-year estimates Total (growth rate),A,Annual,2007,2007,PC,Percentage,0,Units,,,1.245191,,
TUR,Turkey,YPTTTTL1_GY,Population mid-year estimates Total (growth rate),A,Annual,2008,2008,PC,Percentage,0,Units,,,1.273647,,
TUR,Turkey,YPTTTTL1_GY,Population mid-year estimates Total (growth rate),A,Annual,2009,2009,PC,Percentage,0,Units,,,1.389873,,
TUR,Turkey,YPTTTTL1_GY,Population mid-year estimates Total (growth rate),A,Annual,2010,2010,PC,Percentage,0,Units,,,1.531033,,
TUR,Turkey,YPTTTTL1_GY,Population mid-year estimates Total (growth rate),A,Annual,2011,2011,PC,Percentage,0,Units,,,1.478598,,
TUR,Turkey,YPTTTTL1_GY,Population mid-year estimates Total (growth rate),A,Annual,2012,2012,PC,Percentage,0,Units,,,1.282877,,
TUR,Turkey,YPTTTTL1_GY,Population mid-year estimates Total (growth rate),A,Annual,2013,2013,PC,Percentage,0,Units,,,1.16898,,
TUR,Turkey,YPTTTTL1_GY,Population mid-year estimates Total (growth rate),A,Annual,2014,2014,PC,Percentage,0,Units,,,1.115322,,
KOR,Korea,YPTTTTL1_GY,Population mid-year estimates Total (growth rate),A,Annual,2000,2000,PC,Percentage,0,Units,,,0.8396866,,
KOR,Korea,YPTTTTL1_GY,Population mid-year estimates Total (growth rate),A,Annual,2001,2001,PC,Percentage,0,Units,,,0.742959,,
KOR,Korea,YPTTTTL1_GY,Population mid-year estimates Total (growth rate),A,Annual,2002,2002,PC,Percentage,0,Units,,,0.5591887,,
KOR,Korea,YPTTTTL1_GY,Population mid-year estimates Total (growth rate),A,Annual,2003,2003,PC,Percentage,0,Units,,,0.4979444,,
KOR,Korea,YPTTTTL1_GY,Population mid-year estimates Total (growth rate),A,Annual,2004,2004,PC,Percentage,0,Units,,,0.3763197,,
KOR,Korea,YPTTTTL1_GY,Population mid-year estimates Total (growth rate),A,Annual,2005,2005,PC,Percentage,0,Units,,,0.2053772,,
KOR,Korea,YPTTTTL1_GY,Population mid-year estimates Total (growth rate),A,Annual,2006,2006,PC,Percentage,0,Units,,,0.4858295,,
KOR,Korea,YPTTTTL1_GY,Population mid-year estimates Total (growth rate),A,Annual,2007,2007,PC,Percentage,0,Units,,,0.4666052,,
KOR,Korea,YPTTTTL1_GY,Population mid-year estimates Total (growth rate),A,Annual,2008,2008,PC,Percentage,0,Units,,,0.7223518,,
KOR,Korea,YPTTTTL1_GY,Population mid-year estimates Total (growth rate),A,Annual,2009,2009,PC,Percentage,0,Units,,,0.4767032,,
KOR,Korea,YPTTTTL1_GY,Population mid-year estimates Total (growth rate),A,Annual,2010,2010,PC,Percentage,0,Units,,,0.4642508,B,Break
KOR,Korea,YPTTTTL1_GY,Population mid-year estimates Total (growth rate),A,Annual,2011,2011,PC,Percentage,0,Units,,,0.7469566,,
KOR,Korea,YPTTTTL1_GY,Population mid-year estimates Total (growth rate),A,Annual,2012,2012,PC,Percentage,0,Units,,,0.4519958,,
KOR,Korea,YPTTTTL1_GY,Population mid-year estimates Total (growth rate),A,Annual,2013,2013,PC,Percentage,0,Units,,,0.4310797,,
KOR,Korea,YPTTTTL1_GY,Population mid-year estimates Total (growth rate),A,Annual,2014,2014,PC,Percentage,0,Units,,,0.4062127,,
AUT,Austria,YPTTTTL1_GY,Population mid-year estimates Total (growth rate),A,Annual,2000,2000,PC,Percentage,0,Units,,,0.2407686,,
AUT,Austria,YPTTTTL1_GY,Population mid-year estimates Total (growth rate),A,Annual,2001,2001,PC,Percentage,0,Units,,,0.383533,,
AUT,Austria,YPTTTTL1_GY,Population mid-year estimates Total (growth rate),A,Annual,2002,2002,PC,Percentage,0,Units,,,0.4952319,,
AUT,Austria,YPTTTTL1_GY,Population mid-year estimates Total (growth rate),A,Annual,2003,2003,PC,Percentage,0,Units,,,0.4469619,,
AUT,Austria,YPTTTTL1_GY,Population mid-year estimates Total (growth rate),A,Annual,2004,2004,PC,Percentage,0,Units,,,0.6306289,,
AUT,Austria,YPTTTTL1_GY,Population mid-year estimates Total (growth rate),A,Annual,2005,2005,PC,Percentage,0,Units,,,0.6834862,,
AUT,Austria,YPTTTTL1_GY,Population mid-year estimates Total (growth rate),A,Annual,2006,2006,PC,Percentage,0,Units,,,0.5187666,,
AUT,Austria,YPTTTTL1_GY,Population mid-year estimates Total (growth rate),A,Annual,2007,2007,PC,Percentage,0,Units,,,0.3294772,,
AUT,Austria,YPTTTTL1_GY,Population mid-year estimates Total (growth rate),A,Annual,2008,2008,PC,Percentage,0,Units,,,0.3176781,,
AUT,Austria,YPTTTTL1_GY,Population mid-year estimates Total (growth rate),A,Annual,2009,2009,PC,Percentage,0,Units,,,0.2396431,,
AUT,Austria,YPTTTTL1_GY,Population mid-year estimates Total (growth rate),A,Annual,2010,2010,PC,Percentage,0,Units,,,0.2348024,,
AUT,Austria,YPTTTTL1_GY,Population mid-year estimates Total (growth rate),A,Annual,2011,2011,PC,Percentage,0,Units,,,0.3284867,,
AUT,Austria,YPTTTTL1_GY,Population mid-year estimates Total (growth rate),A,Annual,2012,2012,PC,Percentage,0,Units,,,0.4503409,,
AUT,Austria,YPTTTTL1_GY,Population mid-year estimates Total (growth rate),A,Annual,2013,2013,PC,Percentage,0,Units,,,0.5015125,B,Break
AUS,Australia,YPTTTTL1_GY,Population mid-year estimates Total (growth rate),A,Annual,2000,2000,PC,Percentage,0,Units,,,1.153519,,
AUS,Australia,YPTTTTL1_GY,Population mid-year estimates Total (growth rate),A,Annual,2001,2001,PC,Percentage,0,Units,,,1.292764,,
AUS,Australia,YPTTTTL1_GY,Population mid-year estimates Total (growth rate),A,Annual,2002,2002,PC,Percentage,0,Units,,,1.141375,,
AUS,Australia,YPTTTTL1_GY,Population mid-year estimates Total (growth rate),A,Annual,2003,2003,PC,Percentage,0,Units,,,1.159272,,
AUS,Australia,YPTTTTL1_GY,Population mid-year estimates Total (growth rate),A,Annual,2004,2004,PC,Percentage,0,Units,,,1.074996,,
AUS,Australia,YPTTTTL1_GY,Population mid-year estimates Total (growth rate),A,Annual,2005,2005,PC,Percentage,0,Units,,,1.224101,,
AUS,Australia,YPTTTTL1_GY,Population mid-year estimates Total (growth rate),A,Annual,2006,2006,PC,Percentage,0,Units,,,1.357982,,
AUS,Australia,YPTTTTL1_GY,Population mid-year estimates Total (growth rate),A,Annual,2007,2007,PC,Percentage,0,Units,,,1.843431,,
AUS,Australia,YPTTTTL1_GY,Population mid-year estimates Total (growth rate),A,Annual,2008,2008,PC,Percentage,0,Units,,,2.021317,,
AUS,Australia,YPTTTTL1_GY,Population mid-year estimates Total (growth rate),A,Annual,2009,2009,PC,Percentage,0,Units,,,2.084804,,
AUS,Australia,YPTTTTL1_GY,Population mid-year estimates Total (growth rate),A,Annual,2010,2010,PC,Percentage,0,Units,,,1.567398,,
AUS,Australia,YPTTTTL1_GY,Population mid-year estimates Total (growth rate),A,Annual,2011,2011,PC,Percentage,0,Units,,,1.397967,,
AUS,Australia,YPTTTTL1_GY,Population mid-year estimates Total (growth rate),A,Annual,2012,2012,PC,Percentage,0,Units,,,1.736795,,
AUS,Australia,YPTTTTL1_GY,Population mid-year estimates Total (growth rate),A,Annual,2013,2013,PC,Percentage,0,Units,,,1.751144,,
AUS,Australia,YPTTTTL1_GY,Population mid-year estimates Total (growth rate),A,Annual,2014,2014,PC,Percentage,0,Units,,,1.57831,,
MEX,Mexico,YPTTTTL1_GY,Population mid-year estimates Total (growth rate),A,Annual,2000,2000,PC,Percentage,0,Units,,,1.363052,,
MEX,Mexico,YPTTTTL1_GY,Population mid-year estimates Total (growth rate),A,Annual,2001,2001,PC,Percentage,0,Units,,,1.297225,,
MEX,Mexico,YPTTTTL1_GY,Population mid-year estimates Total (growth rate),A,Annual,2002,2002,PC,Percentage,0,Units,,,1.197253,,
MEX,Mexico,YPTTTTL1_GY,Population mid-year estimates Total (growth rate),A,Annual,2003,2003,PC,Percentage,0,Units,,,1.080356,,
MEX,Mexico,YPTTTTL1_GY,Population mid-year estimates Total (growth rate),A,Annual,2004,2004,PC,Percentage,0,Units,,,0.9826631,,
MEX,Mexico,YPTTTTL1_GY,Population mid-year estimates Total (growth rate),A,Annual,2005,2005,PC,Percentage,0,Units,,,4.028222,,
MEX,Mexico,YPTTTTL1_GY,Population mid-year estimates Total (growth rate),A,Annual,2006,2006,PC,Percentage,0,Units,,,1.173872,,
MEX,Mexico,YPTTTTL1_GY,Population mid-year estimates Total (growth rate),A,Annual,2007,2007,PC,Percentage,0,Units,,,1.271632,,
MEX,Mexico,YPTTTTL1_GY,Population mid-year estimates Total (growth rate),A,Annual,2008,2008,PC,Percentage,0,Units,,,1.376868,,
MEX,Mexico,YPTTTTL1_GY,Population mid-year estimates Total (growth rate),A,Annual,2009,2009,PC,Percentage,0,Units,,,1.395861,,
MEX,Mexico,YPTTTTL1_GY,Population mid-year estimates Total (growth rate),A,Annual,2010,2010,PC,Percentage,0,Units,,,1.243181,,
MEX,Mexico,YPTTTTL1_GY,Population mid-year estimates Total (growth rate),A,Annual,2011,2011,PC,Percentage,0,Units,,,1.249228,,
MEX,Mexico,YPTTTTL1_GY,Population mid-year estimates Total (growth rate),A,Annual,2012,2012,PC,Percentage,0,Units,,,1.185035,,
MEX,Mexico,YPTTTTL1_GY,Population mid-year estimates Total (growth rate),A,Annual,2013,2013,PC,Percentage,0,Units,,,1.145887,,
MEX,Mexico,YPTTTTL1_GY,Population mid-year estimates Total (growth rate),A,Annual,2014,2014,PC,Percentage,0,Units,,,1.113177,,
DNK,Denmark,YPTTTTL1_GY,Population mid-year estimates Total (growth rate),A,Annual,2000,2000,PC,Percentage,0,Units,,,0.3348022,,
DNK,Denmark,YPTTTTL1_GY,Population mid-year estimates Total (growth rate),A,Annual,2001,2001,PC,Percentage,0,Units,,,0.3589584,,
DNK,Denmark,YPTTTTL1_GY,Population mid-year estimates Total (growth rate),A,Annual,2002,2002,PC,Percentage,0,Units,,,0.3199887,,
DNK,Denmark,YPTTTTL1_GY,Population mid-year estimates Total (growth rate),A,Annual,2003,2003,PC,Percentage,0,Units,,,0.2723807,,
DNK,Denmark,YPTTTTL1_GY,Population mid-year estimates Total (growth rate),A,Annual,2004,2004,PC,Percentage,0,Units,,,0.2587665,,
DNK,Denmark,YPTTTTL1_GY,Population mid-year estimates Total (growth rate),A,Annual,2005,2005,PC,Percentage,0,Units,,,0.2758708,,
DNK,Denmark,YPTTTTL1_GY,Population mid-year estimates Total (growth rate),A,Annual,2006,2006,PC,Percentage,0,Units,,,0.3291766,,
DNK,Denmark,YPTTTTL1_GY,Population mid-year estimates Total (growth rate),A,Annual,2007,2007,PC,Percentage,0,Units,,,0.4444509,,
DNK,Denmark,YPTTTTL1_GY,Population mid-year estimates Total (growth rate),A,Annual,2008,2008,PC,Percentage,0,Units,,,0.5892863,,
DNK,Denmark,YPTTTTL1_GY,Population mid-year estimates Total (growth rate),A,Annual,2009,2009,PC,Percentage,0,Units,,,0.5365041,,
DNK,Denmark,YPTTTTL1_GY,Population mid-year estimates Total (growth rate),A,Annual,2010,2010,PC,Percentage,0,Units,,,0.4451943,,
DNK,Denmark,YPTTTTL1_GY,Population mid-year estimates Total (growth rate),A,Annual,2011,2011,PC,Percentage,0,Units,,,0.4125867,,
DNK,Denmark,YPTTTTL1_GY,Population mid-year estimates Total (growth rate),A,Annual,2012,2012,PC,Percentage,0,Units,,,0.376981,,
DNK,Denmark,YPTTTTL1_GY,Population mid-year estimates Total (growth rate),A,Annual,2013,2013,PC,Percentage,0,Units,,,0.4177627,B,Break
NZL,New Zealand,YPTTTTL1_GY,Population mid-year estimates Total (growth rate),A,Annual,2000,2000,PC,Percentage,0,Units,,,0.5892937,,
NZL,New Zealand,YPTTTTL1_GY,Population mid-year estimates Total (growth rate),A,Annual,2001,2001,PC,Percentage,0,Units,,,0.5910258,,
NZL,New Zealand,YPTTTTL1_GY,Population mid-year estimates Total (growth rate),A,Annual,2002,2002,PC,Percentage,0,Units,,,1.752352,,
NZL,New Zealand,YPTTTTL1_GY,Population mid-year estimates Total (growth rate),A,Annual,2003,2003,PC,Percentage,0,Units,,,1.993162,,
NZL,New Zealand,YPTTTTL1_GY,Population mid-year estimates Total (growth rate),A,Annual,2004,2004,PC,Percentage,0,Units,,,1.497318,,
NZL,New Zealand,YPTTTTL1_GY,Population mid-year estimates Total (growth rate),A,Annual,2005,2005,PC,Percentage,0,Units,,,1.135168,,
NZL,New Zealand,YPTTTTL1_GY,Population mid-year estimates Total (growth rate),A,Annual,2006,2006,PC,Percentage,0,Units,,,1.226445,,
NZL,New Zealand,YPTTTTL1_GY,Population mid-year estimates Total (growth rate),A,Annual,2007,2007,PC,Percentage,0,Units,,,0.9367682,,
NZL,New Zealand,YPTTTTL1_GY,Population mid-year estimates Total (growth rate),A,Annual,2008,2008,PC,Percentage,0,Units,,,0.8523131,,
NZL,New Zealand,YPTTTTL1_GY,Population mid-year estimates Total (growth rate),A,Annual,2009,2009,PC,Percentage,0,Units,,,1.004742,,
NZL,New Zealand,YPTTTTL1_GY,Population mid-year estimates Total (growth rate),A,Annual,2010,2010,PC,Percentage,0,Units,,,1.117929,,
NZL,New Zealand,YPTTTTL1_GY,Population mid-year estimates Total (growth rate),A,Annual,2011,2011,PC,Percentage,0,Units,,,0.7653941,,
NZL,New Zealand,YPTTTTL1_GY,Population mid-year estimates Total (growth rate),A,Annual,2012,2012,PC,Percentage,0,Units,,,0.5497262,,
NZL,New Zealand,YPTTTTL1_GY,Population mid-year estimates Total (growth rate),A,Annual,2013,2013,PC,Percentage,0,Units,,,0.7713073,,
NZL,New Zealand,YPTTTTL1_GY,Population mid-year estimates Total (growth rate),A,Annual,2014,2014,PC,Percentage,0,Units,,,1.521803,,
COL,Colombia,YPTTTTL1_GY,Population mid-year estimates Total (growth rate),A,Annual,2000,2000,PC,Percentage,0,Units,,,1.421479,,
COL,Colombia,YPTTTTL1_GY,Population mid-year estimates Total (growth rate),A,Annual,2001,2001,PC,Percentage,0,Units,,,1.285447,,
COL,Colombia,YPTTTTL1_GY,Population mid-year estimates Total (growth rate),A,Annual,2002,2002,PC,Percentage,0,Units,,,1.262529,,
COL,Colombia,YPTTTTL1_GY,Population mid-year estimates Total (growth rate),A,Annual,2003,2003,PC,Percentage,0,Units,,,1.258528,,
COL,Colombia,YPTTTTL1_GY,Population mid-year estimates Total (growth rate),A,Annual,2004,2004,PC,Percentage,0,Units,,,1.241441,,
COL,Colombia,YPTTTTL1_GY,Population mid-year estimates Total (growth rate),A,Annual,2005,2005,PC,Percentage,0,Units,,,1.22757,,
COL,Colombia,YPTTTTL1_GY,Population mid-year estimates Total (growth rate),A,Annual,2006,2006,PC,Percentage,0,Units,,,1.206298,,
COL,Colombia,YPTTTTL1_GY,Population mid-year estimates Total (growth rate),A,Annual,2007,2007,PC,Percentage,0,Units,,,1.200234,,
COL,Colombia,YPTTTTL1_GY,Population mid-year estimates Total (growth rate),A,Annual,2008,2008,PC,Percentage,0,Units,,,1.193386,,
COL,Colombia,YPTTTTL1_GY,Population mid-year estimates Total (growth rate),A,Annual,2009,2009,PC,Percentage,0,Units,,,1.187112,,
COL,Colombia,YPTTTTL1_GY,Population mid-year estimates Total (growth rate),A,Annual,2010,2010,PC,Percentage,0,Units,,,1.180004,,
COL,Colombia,YPTTTTL1_GY,Population mid-year estimates Total (growth rate),A,Annual,2011,2011,PC,Percentage,0,Units,,,1.175614,,
COL,Colombia,YPTTTTL1_GY,Population mid-year estimates Total (growth rate),A,Annual,2012,2012,PC,Percentage,0,Units,,,1.166743,,
COL,Colombia,YPTTTTL1_GY,Population mid-year estimates Total (growth rate),A,Annual,2013,2013,PC,Percentage,0,Units,,,1.157675,,
COL,Colombia,YPTTTTL1_GY,Population mid-year estimates Total (growth rate),A,Annual,2014,2014,PC,Percentage,0,Units,,,1.147465,,
EST,Estonia,YPTTTTL1_GY,Population mid-year estimates Total (growth rate),A,Annual,2000,2000,PC,Percentage,0,Units,,,1.18541,,
EST,Estonia,YPTTTTL1_GY,Population mid-year estimates Total (growth rate),A,Annual,2001,2001,PC,Percentage,0,Units,,,-0.6349388,,
EST,Estonia,YPTTTTL1_GY,Population mid-year estimates Total (growth rate),A,Annual,2002,2002,PC,Percentage,0,Units,,,-0.6314318,,
EST,Estonia,YPTTTTL1_GY,Population mid-year estimates Total (growth rate),A,Annual,2003,2003,PC,Percentage,0,Units,,,-0.625657,,
EST,Estonia,YPTTTTL1_GY,Population mid-year estimates Total (growth rate),A,Annual,2004,2004,PC,Percentage,0,Units,,,-0.5960371,,
EST,Estonia,YPTTTTL1_GY,Population mid-year estimates Total (growth rate),A,Annual,2005,2005,PC,Percentage,0,Units,,,-0.5706213,,
EST,Estonia,YPTTTTL1_GY,Population mid-year estimates Total (growth rate),A,Annual,2006,2006,PC,Percentage,0,Units,,,-0.5879205,,
EST,Estonia,YPTTTTL1_GY,Population mid-year estimates Total (growth rate),A,Annual,2007,2007,PC,Percentage,0,Units,,,-0.4551496,,
EST,Estonia,YPTTTTL1_GY,Population mid-year estimates Total (growth rate),A,Annual,2008,2008,PC,Percentage,0,Units,,,-0.2677746,,
EST,Estonia,YPTTTTL1_GY,Population mid-year estimates Total (growth rate),A,Annual,2009,2009,PC,Percentage,0,Units,,,-0.1925824,,
EST,Estonia,YPTTTTL1_GY,Population mid-year estimates Total (growth rate),A,Annual,2010,2010,PC,Percentage,0,Units,,,-0.2277981,,
EST,Estonia,YPTTTTL1_GY,Population mid-year estimates Total (growth rate),A,Annual,2011,2011,PC,Percentage,0,Units,,,-0.3031225,,
EST,Estonia,YPTTTTL1_GY,Population mid-year estimates Total (growth rate),A,Annual,2012,2012,PC,Percentage,0,Units,,,-0.3573045,,
EST,Estonia,YPTTTTL1_GY,Population mid-year estimates Total (growth rate),A,Annual,2013,2013,PC,Percentage,0,Units,,,-0.3552593,,
EST,Estonia,YPTTTTL1_GY,Population mid-year estimates Total (growth rate),A,Annual,2014,2014,PC,Percentage,0,Units,,,-0.1652507,,
IRL,Ireland,YPTTTTL1_GY,Population mid-year estimates Total (growth rate),A,Annual,2000,2000,PC,Percentage,0,Units,,,1.280201,,
IRL,Ireland,YPTTTTL1_GY,Population mid-year estimates Total (growth rate),A,Annual,2001,2001,PC,Percentage,0,Units,,,1.522628,,
IRL,Ireland,YPTTTTL1_GY,Population mid-year estimates Total (growth rate),A,Annual,2002,2002,PC,Percentage,0,Units,,,1.819505,,
IRL,Ireland,YPTTTTL1_GY,Population mid-year estimates Total (growth rate),A,Annual,2003,2003,PC,Percentage,0,Units,,,1.600633,,
IRL,Ireland,YPTTTTL1_GY,Population mid-year estimates Total (growth rate),A,Annual,2004,2004,PC,Percentage,0,Units,,,1.640745,,
IRL,Ireland,YPTTTTL1_GY,Population mid-year estimates Total (growth rate),A,Annual,2005,2005,PC,Percentage,0,Units,,,2.19025,,
IRL,Ireland,YPTTTTL1_GY,Population mid-year estimates Total (growth rate),A,Annual,2006,2006,PC,Percentage,0,Units,,,2.39731,,
IRL,Ireland,YPTTTTL1_GY,Population mid-year estimates Total (growth rate),A,Annual,2007,2007,PC,Percentage,0,Units,,,3.375936,,
IRL,Ireland,YPTTTTL1_GY,Population mid-year estimates Total (growth rate),A,Annual,2008,2008,PC,Percentage,0,Units,,,2.497829,,
IRL,Ireland,YPTTTTL1_GY,Population mid-year estimates Total (growth rate),A,Annual,2009,2009,PC,Percentage,0,Units,,,1.076899,,
IRL,Ireland,YPTTTTL1_GY,Population mid-year estimates Total (growth rate),A,Annual,2010,2010,PC,Percentage,0,Units,,,0.4720519,,
IRL,Ireland,YPTTTTL1_GY,Population mid-year estimates Total (growth rate),A,Annual,2011,2011,PC,Percentage,0,Units,,,0.4412927,,
IRL,Ireland,YPTTTTL1_GY,Population mid-year estimates Total (growth rate),A,Annual,2012,2012,PC,Percentage,0,Units,,,0.2295132,,
IRL,Ireland,YPTTTTL1_GY,Population mid-year estimates Total (growth rate),A,Annual,2013,2013,PC,Percentage,0,Units,,,0.1679243,,
IRL,Ireland,YPTTTTL1_GY,Population mid-year estimates Total (growth rate),A,Annual,2014,2014,PC,Percentage,0,Units,,,0.365766,,
ESP,Spain,YPTTTTL1_GY,Population mid-year estimates Total (growth rate),A,Annual,2000,2000,PC,Percentage,0,Units,,,0.457573,,
ESP,Spain,YPTTTTL1_GY,Population mid-year estimates Total (growth rate),A,Annual,2001,2001,PC,Percentage,0,Units,,,0.5219215,,
ESP,Spain,YPTTTTL1_GY,Population mid-year estimates Total (growth rate),A,Annual,2002,2002,PC,Percentage,0,Units,,,1.612789,,
ESP,Spain,YPTTTTL1_GY,Population mid-year estimates Total (growth rate),A,Annual,2003,2003,PC,Percentage,0,Units,,,1.865393,,
ESP,Spain,YPTTTTL1_GY,Population mid-year estimates Total (growth rate),A,Annual,2004,2004,PC,Percentage,0,Units,,,1.571091,,
ESP,Spain,YPTTTTL1_GY,Population mid-year estimates Total (growth rate),A,Annual,2005,2005,PC,Percentage,0,Units,,,1.874606,,
ESP,Spain,YPTTTTL1_GY,Population mid-year estimates Total (growth rate),A,Annual,2006,2006,PC,Percentage,0,Units,,,1.598411,,
ESP,Spain,YPTTTTL1_GY,Population mid-year estimates Total (growth rate),A,Annual,2007,2007,PC,Percentage,0,Units,,,1.973564,,
ESP,Spain,YPTTTTL1_GY,Population mid-year estimates Total (growth rate),A,Annual,2008,2008,PC,Percentage,0,Units,,,1.651702,,
ESP,Spain,YPTTTTL1_GY,Population mid-year estimates Total (growth rate),A,Annual,2009,2009,PC,Percentage,0,Units,,,0.8359178,,
ESP,Spain,YPTTTTL1_GY,Population mid-year estimates Total (growth rate),A,Annual,2010,2010,PC,Percentage,0,Units,,,0.4204074,,
ESP,Spain,YPTTTTL1_GY,Population mid-year estimates Total (growth rate),A,Annual,2011,2011,PC,Percentage,0,Units,,,0.373207,,
ESP,Spain,YPTTTTL1_GY,Population mid-year estimates Total (growth rate),A,Annual,2012,2012,PC,Percentage,0,Units,,,0.0645032,,
ESP,Spain,YPTTTTL1_GY,Population mid-year estimates Total (growth rate),A,Annual,2013,2013,PC,Percentage,0,Units,,,-0.3702819,,
ESP,Spain,YPTTTTL1_GY,Population mid-year estimates Total (growth rate),A,Annual,2014,2014,PC,Percentage,0,Units,,,-0.2772572,,
IND,India,YPTTTTL1_GY,Population mid-year estimates Total (growth rate),A,Annual,2000,2000,PC,Percentage,0,Units,,,1.682615,,
IND,India,YPTTTTL1_GY,Population mid-year estimates Total (growth rate),A,Annual,2001,2001,PC,Percentage,0,Units,,,1.654012,,
IND,India,YPTTTTL1_GY,Population mid-year estimates Total (growth rate),A,Annual,2002,2002,PC,Percentage,0,Units,,,1.623862,,
IND,India,YPTTTTL1_GY,Population mid-year estimates Total (growth rate),A,Annual,2003,2003,PC,Percentage,0,Units,,,1.586417,,
IND,India,YPTTTTL1_GY,Population mid-year estimates Total (growth rate),A,Annual,2004,2004,PC,Percentage,0,Units,,,1.539546,,
IND,India,YPTTTTL1_GY,Population mid-year estimates Total (growth rate),A,Annual,2005,2005,PC,Percentage,0,Units,,,1.487219,,
IND,India,YPTTTTL1_GY,Population mid-year estimates Total (growth rate),A,Annual,2006,2006,PC,Percentage,0,Units,,,1.432453,,
IND,India,YPTTTTL1_GY,Population mid-year estimates Total (growth rate),A,Annual,2007,2007,PC,Percentage,0,Units,,,1.382493,,
IND,India,YPTTTTL1_GY,Population mid-year estimates Total (growth rate),A,Annual,2008,2008,PC,Percentage,0,Units,,,1.343037,,
IND,India,YPTTTTL1_GY,Population mid-year estimates Total (growth rate),A,Annual,2009,2009,PC,Percentage,0,Units,,,1.317462,,
IND,India,YPTTTTL1_GY,Population mid-year estimates Total (growth rate),A,Annual,2010,2010,PC,Percentage,0,Units,,,1.301242,,
IND,India,YPTTTTL1_GY,Population mid-year estimates Total (growth rate),A,Annual,2011,2011,PC,Percentage,0,Units,,,1.288267,,
IND,India,YPTTTTL1_GY,Population mid-year estimates Total (growth rate),A,Annual,2012,2012,PC,Percentage,0,Units,,,1.271779,,
IND,India,YPTTTTL1_GY,Population mid-year estimates Total (growth rate),A,Annual,2013,2013,PC,Percentage,0,Units,,,1.249537,,
IDN,Indonesia,YPTTTTL1_GY,Population mid-year estimates Total (growth rate),A,Annual,2000,2000,PC,Percentage,0,Units,,,1.452738,,
IDN,Indonesia,YPTTTTL1_GY,Population mid-year estimates Total (growth rate),A,Annual,2001,2001,PC,Percentage,0,Units,,,1.450987,,
IDN,Indonesia,YPTTTTL1_GY,Population mid-year estimates Total (growth rate),A,Annual,2002,2002,PC,Percentage,0,Units,,,1.447332,,
IDN,Indonesia,YPTTTTL1_GY,Population mid-year estimates Total (growth rate),A,Annual,2003,2003,PC,Percentage,0,Units,,,1.445013,,
IDN,Indonesia,YPTTTTL1_GY,Population mid-year estimates Total (growth rate),A,Annual,2004,2004,PC,Percentage,0,Units,,,1.443155,,
IDN,Indonesia,YPTTTTL1_GY,Population mid-year estimates Total (growth rate),A,Annual,2005,2005,PC,Percentage,0,Units,,,1.440214,,
IDN,Indonesia,YPTTTTL1_GY,Population mid-year estimates Total (growth rate),A,Annual,2006,2006,PC,Percentage,0,Units,,,1.438394,,
IDN,Indonesia,YPTTTTL1_GY,Population mid-year estimates Total (growth rate),A,Annual,2007,2007,PC,Percentage,0,Units,,,1.432958,,
IDN,Indonesia,YPTTTTL1_GY,Population mid-year estimates Total (growth rate),A,Annual,2008,2008,PC,Percentage,0,Units,,,1.416046,,
IDN,Indonesia,YPTTTTL1_GY,Population mid-year estimates Total (growth rate),A,Annual,2009,2009,PC,Percentage,0,Units,,,1.38463,,
IDN,Indonesia,YPTTTTL1_GY,Population mid-year estimates Total (growth rate),A,Annual,2010,2010,PC,Percentage,0,Units,,,1.34306,,
IDN,Indonesia,YPTTTTL1_GY,Population mid-year estimates Total (growth rate),A,Annual,2011,2011,PC,Percentage,0,Units,,,1.298487,,
IDN,Indonesia,YPTTTTL1_GY,Population mid-year estimates Total (growth rate),A,Annual,2012,2012,PC,Percentage,0,Units,,,1.256166,,
IDN,Indonesia,YPTTTTL1_GY,Population mid-year estimates Total (growth rate),A,Annual,2013,2013,PC,Percentage,0,Units,,,1.215826,,
ZAF,South Africa,YPTTTTL1_GY,Population mid-year estimates Total (growth rate),A,Annual,2000,2000,PC,Percentage,0,Units,,,1.477215,,
ZAF,South Africa,YPTTTTL1_GY,Population mid-year estimates Total (growth rate),A,Annual,2001,2001,PC,Percentage,0,Units,,,1.991302,,
ZAF,South Africa,YPTTTTL1_GY,Population mid-year estimates Total (growth rate),A,Annual,2002,2002,PC,Percentage,0,Units,,,2.210503,,
ZAF,South Africa,YPTTTTL1_GY,Population mid-year estimates Total (growth rate),A,Annual,2003,2003,PC,Percentage,0,Units,,,1.277857,,
ZAF,South Africa,YPTTTTL1_GY,Population mid-year estimates Total (growth rate),A,Annual,2004,2004,PC,Percentage,0,Units,,,1.300757,,
ZAF,South Africa,YPTTTTL1_GY,Population mid-year estimates Total (growth rate),A,Annual,2005,2005,PC,Percentage,0,Units,,,1.333276,,
ZAF,South Africa,YPTTTTL1_GY,Population mid-year estimates Total (growth rate),A,Annual,2006,2006,PC,Percentage,0,Units,,,1.353749,,
ZAF,South Africa,YPTTTTL1_GY,Population mid-year estimates Total (growth rate),A,Annual,2007,2007,PC,Percentage,0,Units,,,1.389844,,
ZAF,South Africa,YPTTTTL1_GY,Population mid-year estimates Total (growth rate),A,Annual,2008,2008,PC,Percentage,0,Units,,,1.411895,,
ZAF,South Africa,YPTTTTL1_GY,Population mid-year estimates Total (growth rate),A,Annual,2009,2009,PC,Percentage,0,Units,,,1.438849,,
ZAF,South Africa,YPTTTTL1_GY,Population mid-year estimates Total (growth rate),A,Annual,2010,2010,PC,Percentage,0,Units,,,1.47238,,
ZAF,South Africa,YPTTTTL1_GY,Population mid-year estimates Total (growth rate),A,Annual,2011,2011,PC,Percentage,0,Units,,,1.500236,,
ZAF,South Africa,YPTTTTL1_GY,Population mid-year estimates Total (growth rate),A,Annual,2012,2012,PC,Percentage,0,Units,,,1.526555,,
ZAF,South Africa,YPTTTTL1_GY,Population mid-year estimates Total (growth rate),A,Annual,2013,2013,PC,Percentage,0,Units,,,1.560918,,
ZAF,South Africa,YPTTTTL1_GY,Population mid-year estimates Total (growth rate),A,Annual,2014,2014,PC,Percentage,0,Units,,,1.58772,,
CHN,China (People's Republic of),YPTTTTL1_GY,Population mid-year estimates Total (growth rate),A,Annual,2000,2000,PC,Percentage,0,Units,,,0.5902444,,
CHN,China (People's Republic of),YPTTTTL1_GY,Population mid-year estimates Total (growth rate),A,Annual,2001,2001,PC,Percentage,0,Units,,,0.5827631,,
CHN,China (People's Republic of),YPTTTTL1_GY,Population mid-year estimates Total (growth rate),A,Annual,2002,2002,PC,Percentage,0,Units,,,0.5770344,,
CHN,China (People's Republic of),YPTTTTL1_GY,Population mid-year estimates Total (growth rate),A,Annual,2003,2003,PC,Percentage,0,Units,,,0.5780985,,
CHN,China (People's Republic of),YPTTTTL1_GY,Population mid-year estimates Total (growth rate),A,Annual,2004,2004,PC,Percentage,0,Units,,,0.5836712,,
CHN,China (People's Republic of),YPTTTTL1_GY,Population mid-year estimates Total (growth rate),A,Annual,2005,2005,PC,Percentage,0,Units,,,0.592366,,
CHN,China (People's Republic of),YPTTTTL1_GY,Population mid-year estimates Total (growth rate),A,Annual,2006,2006,PC,Percentage,0,Units,,,0.6045925,,
CHN,China (People's Republic of),YPTTTTL1_GY,Population mid-year estimates Total (growth rate),A,Annual,2007,2007,PC,Percentage,0,Units,,,0.6181124,,
CHN,China (People's Republic of),YPTTTTL1_GY,Population mid-year estimates Total (growth rate),A,Annual,2008,2008,PC,Percentage,0,Units,,,0.6287058,,
CHN,China (People's Republic of),YPTTTTL1_GY,Population mid-year estimates Total (growth rate),A,Annual,2009,2009,PC,Percentage,0,Units,,,0.6341509,,
CHN,China (People's Republic of),YPTTTTL1_GY,Population mid-year estimates Total (growth rate),A,Annual,2010,2010,PC,Percentage,0,Units,,,0.6345181,,
CHN,China (People's Republic of),YPTTTTL1_GY,Population mid-year estimates Total (growth rate),A,Annual,2011,2011,PC,Percentage,0,Units,,,0.6338211,,
CHN,China (People's Republic of),YPTTTTL1_GY,Population mid-year estimates Total (growth rate),A,Annual,2012,2012,PC,Percentage,0,Units,,,0.6302509,,
CHN,China (People's Republic of),YPTTTTL1_GY,Population mid-year estimates Total (growth rate),A,Annual,2013,2013,PC,Percentage,0,Units,,,0.6173732,,
