TL,Territory Level and Typology,REG_ID,Region,VAR,Indicator,SEX,Gender,POS,Position,TIME,Year,Unit Code,Unit,PowerCode Code,PowerCode,Reference Period Code,Reference Period,PopDen,Flag Codes,Flags
1,Country,AUS,Australia,POP_DEN,Population density (pop. per km2),T,Total,ALL,All regions,2000,2000,RATIO,Ratio,0,Units,,,2.47,,
1,Country,AUS,Australia,POP_DEN,Population density (pop. per km2),T,Total,ALL,All regions,2001,2001,RATIO,Ratio,0,Units,,,2.5,,
1,Country,AUS,Australia,POP_DEN,Population density (pop. per km2),T,Total,ALL,All regions,2002,2002,RATIO,Ratio,0,Units,,,2.53,,
1,Country,AUS,Australia,POP_DEN,Population density (pop. per km2),T,Total,ALL,All regions,2003,2003,RATIO,Ratio,0,Units,,,2.56,,
1,Country,AUS,Australia,POP_DEN,Population density (pop. per km2),T,Total,ALL,All regions,2004,2004,RATIO,Ratio,0,Units,,,2.59,,
1,Country,AUS,Australia,POP_DEN,Population density (pop. per km2),T,Total,ALL,All regions,2005,2005,RATIO,Ratio,0,Units,,,2.62,,
1,Country,AUS,Australia,POP_DEN,Population density (pop. per km2),T,Total,ALL,All regions,2006,2006,RATIO,Ratio,0,Units,,,2.65,,
1,Country,AUS,Australia,POP_DEN,Population density (pop. per km2),T,Total,ALL,All regions,2007,2007,RATIO,Ratio,0,Units,,,2.7,,
1,Country,AUS,Australia,POP_DEN,Population density (pop. per km2),T,Total,ALL,All regions,2008,2008,RATIO,Ratio,0,Units,,,2.76,,
1,Country,AUS,Australia,POP_DEN,Population density (pop. per km2),T,Total,ALL,All regions,2009,2009,RATIO,Ratio,0,Units,,,2.82,,
1,Country,AUS,Australia,POP_DEN,Population density (pop. per km2),T,Total,ALL,All regions,2010,2010,RATIO,Ratio,0,Units,,,2.86,,
1,Country,AUS,Australia,POP_DEN,Population density (pop. per km2),T,Total,ALL,All regions,2011,2011,RATIO,Ratio,0,Units,,,2.9,,
1,Country,AUS,Australia,POP_DEN,Population density (pop. per km2),T,Total,ALL,All regions,2012,2012,RATIO,Ratio,0,Units,,,2.95,,
1,Country,AUS,Australia,POP_DEN,Population density (pop. per km2),T,Total,ALL,All regions,2013,2013,RATIO,Ratio,0,Units,,,3,,
1,Country,AUS,Australia,POP_DEN,Population density (pop. per km2),T,Total,ALL,All regions,2014,2014,RATIO,Ratio,0,Units,,,3.05,,
1,Country,AUT,Austria,POP_DEN,Population density (pop. per km2),T,Total,ALL,All regions,2000,2000,RATIO,Ratio,0,Units,,,97.04,,
1,Country,AUT,Austria,POP_DEN,Population density (pop. per km2),T,Total,ALL,All regions,2001,2001,RATIO,Ratio,0,Units,,,97.27,,
1,Country,AUT,Austria,POP_DEN,Population density (pop. per km2),T,Total,ALL,All regions,2002,2002,RATIO,Ratio,0,Units,,,97.79,,
1,Country,AUT,Austria,POP_DEN,Population density (pop. per km2),T,Total,ALL,All regions,2003,2003,RATIO,Ratio,0,Units,,,98.24,,
1,Country,AUT,Austria,POP_DEN,Population density (pop. per km2),T,Total,ALL,All regions,2004,2004,RATIO,Ratio,0,Units,,,98.75,,
1,Country,AUT,Austria,POP_DEN,Population density (pop. per km2),T,Total,ALL,All regions,2005,2005,RATIO,Ratio,0,Units,,,99.47,,
1,Country,AUT,Austria,POP_DEN,Population density (pop. per km2),T,Total,ALL,All regions,2006,2006,RATIO,Ratio,0,Units,,,100.11,,
1,Country,AUT,Austria,POP_DEN,Population density (pop. per km2),T,Total,ALL,All regions,2007,2007,RATIO,Ratio,0,Units,,,100.46,,
1,Country,AUT,Austria,POP_DEN,Population density (pop. per km2),T,Total,ALL,All regions,2008,2008,RATIO,Ratio,0,Units,,,100.78,,
1,Country,AUT,Austria,POP_DEN,Population density (pop. per km2),T,Total,ALL,All regions,2009,2009,RATIO,Ratio,0,Units,,,101.11,,
1,Country,AUT,Austria,POP_DEN,Population density (pop. per km2),T,Total,ALL,All regions,2010,2010,RATIO,Ratio,0,Units,,,101.33,,
1,Country,AUT,Austria,POP_DEN,Population density (pop. per km2),T,Total,ALL,All regions,2011,2011,RATIO,Ratio,0,Units,,,101.62,,
1,Country,AUT,Austria,POP_DEN,Population density (pop. per km2),T,Total,ALL,All regions,2012,2012,RATIO,Ratio,0,Units,,,102.03,,
1,Country,AUT,Austria,POP_DEN,Population density (pop. per km2),T,Total,ALL,All regions,2013,2013,RATIO,Ratio,0,Units,,,102.56,,
1,Country,AUT,Austria,POP_DEN,Population density (pop. per km2),T,Total,ALL,All regions,2014,2014,RATIO,Ratio,0,Units,,,103.24,,
1,Country,BEL,Belgium,POP_DEN,Population density (pop. per km2),T,Total,ALL,All regions,2000,2000,RATIO,Ratio,0,Units,,,337.61,,
1,Country,BEL,Belgium,POP_DEN,Population density (pop. per km2),T,Total,ALL,All regions,2001,2001,RATIO,Ratio,0,Units,,,338.41,,
1,Country,BEL,Belgium,POP_DEN,Population density (pop. per km2),T,Total,ALL,All regions,2002,2002,RATIO,Ratio,0,Units,,,339.94,,
1,Country,BEL,Belgium,POP_DEN,Population density (pop. per km2),T,Total,ALL,All regions,2003,2003,RATIO,Ratio,0,Units,,,341.46,,
1,Country,BEL,Belgium,POP_DEN,Population density (pop. per km2),T,Total,ALL,All regions,2004,2004,RATIO,Ratio,0,Units,,,342.8,,
1,Country,BEL,Belgium,POP_DEN,Population density (pop. per km2),T,Total,ALL,All regions,2005,2005,RATIO,Ratio,0,Units,,,344.43,,
1,Country,BEL,Belgium,POP_DEN,Population density (pop. per km2),T,Total,ALL,All regions,2006,2006,RATIO,Ratio,0,Units,,,346.59,,
1,Country,BEL,Belgium,POP_DEN,Population density (pop. per km2),T,Total,ALL,All regions,2007,2007,RATIO,Ratio,0,Units,,,349,,
1,Country,BEL,Belgium,POP_DEN,Population density (pop. per km2),T,Total,ALL,All regions,2008,2008,RATIO,Ratio,0,Units,,,351.72,,
1,Country,BEL,Belgium,POP_DEN,Population density (pop. per km2),T,Total,ALL,All regions,2009,2009,RATIO,Ratio,0,Units,,,354.56,,
1,Country,BEL,Belgium,POP_DEN,Population density (pop. per km2),T,Total,ALL,All regions,2010,2010,RATIO,Ratio,0,Units,,,356.86,,
1,Country,BEL,Belgium,POP_DEN,Population density (pop. per km2),T,Total,ALL,All regions,2011,2011,RATIO,Ratio,0,Units,,,362.75,B,Break
1,Country,BEL,Belgium,POP_DEN,Population density (pop. per km2),T,Total,ALL,All regions,2012,2012,RATIO,Ratio,0,Units,,,365.85,,
1,Country,BEL,Belgium,POP_DEN,Population density (pop. per km2),T,Total,ALL,All regions,2013,2013,RATIO,Ratio,0,Units,,,368.06,,
1,Country,BEL,Belgium,POP_DEN,Population density (pop. per km2),T,Total,ALL,All regions,2014,2014,RATIO,Ratio,0,Units,,,368.69,B,Break
1,Country,CAN,Canada,POP_DEN,Population density (pop. per km2),T,Total,ALL,All regions,2000,2000,RATIO,Ratio,0,Units,,,3.37,,
1,Country,CAN,Canada,POP_DEN,Population density (pop. per km2),T,Total,ALL,All regions,2001,2001,RATIO,Ratio,0,Units,,,3.41,,
1,Country,CAN,Canada,POP_DEN,Population density (pop. per km2),T,Total,ALL,All regions,2002,2002,RATIO,Ratio,0,Units,,,3.45,,
1,Country,CAN,Canada,POP_DEN,Population density (pop. per km2),T,Total,ALL,All regions,2003,2003,RATIO,Ratio,0,Units,,,3.48,,
1,Country,CAN,Canada,POP_DEN,Population density (pop. per km2),T,Total,ALL,All regions,2004,2004,RATIO,Ratio,0,Units,,,3.51,,
1,Country,CAN,Canada,POP_DEN,Population density (pop. per km2),T,Total,ALL,All regions,2005,2005,RATIO,Ratio,0,Units,,,3.55,,
1,Country,CAN,Canada,POP_DEN,Population density (pop. per km2),T,Total,ALL,All regions,2006,2006,RATIO,Ratio,0,Units,,,3.58,,
1,Country,CAN,Canada,POP_DEN,Population density (pop. per km2),T,Total,ALL,All regions,2007,2007,RATIO,Ratio,0,Units,,,3.62,,
1,Country,CAN,Canada,POP_DEN,Population density (pop. per km2),T,Total,ALL,All regions,2008,2008,RATIO,Ratio,0,Units,,,3.66,,
1,Country,CAN,Canada,POP_DEN,Population density (pop. per km2),T,Total,ALL,All regions,2009,2009,RATIO,Ratio,0,Units,,,3.7,,
1,Country,CAN,Canada,POP_DEN,Population density (pop. per km2),T,Total,ALL,All regions,2010,2010,RATIO,Ratio,0,Units,,,3.74,,
1,Country,CAN,Canada,POP_DEN,Population density (pop. per km2),T,Total,ALL,All regions,2011,2011,RATIO,Ratio,0,Units,,,3.78,,
1,Country,CAN,Canada,POP_DEN,Population density (pop. per km2),T,Total,ALL,All regions,2012,2012,RATIO,Ratio,0,Units,,,3.82,,
1,Country,CAN,Canada,POP_DEN,Population density (pop. per km2),T,Total,ALL,All regions,2013,2013,RATIO,Ratio,0,Units,,,3.87,,
1,Country,CAN,Canada,POP_DEN,Population density (pop. per km2),T,Total,ALL,All regions,2014,2014,RATIO,Ratio,0,Units,,,3.91,,
1,Country,FRA,France,POP_DEN,Population density (pop. per km2),T,Total,ALL,All regions,2000,2000,RATIO,Ratio,0,Units,,,95.67,,
1,Country,FRA,France,POP_DEN,Population density (pop. per km2),T,Total,ALL,All regions,2001,2001,RATIO,Ratio,0,Units,,,96.36,,
1,Country,FRA,France,POP_DEN,Population density (pop. per km2),T,Total,ALL,All regions,2002,2002,RATIO,Ratio,0,Units,,,97.06,,
1,Country,FRA,France,POP_DEN,Population density (pop. per km2),T,Total,ALL,All regions,2003,2003,RATIO,Ratio,0,Units,,,97.76,,
1,Country,FRA,France,POP_DEN,Population density (pop. per km2),T,Total,ALL,All regions,2004,2004,RATIO,Ratio,0,Units,,,98.43,,
1,Country,FRA,France,POP_DEN,Population density (pop. per km2),T,Total,ALL,All regions,2005,2005,RATIO,Ratio,0,Units,,,99.19,,
1,Country,FRA,France,POP_DEN,Population density (pop. per km2),T,Total,ALL,All regions,2006,2006,RATIO,Ratio,0,Units,,,99.92,,
1,Country,FRA,France,POP_DEN,Population density (pop. per km2),T,Total,ALL,All regions,2007,2007,RATIO,Ratio,0,Units,,,100.57,,
1,Country,FRA,France,POP_DEN,Population density (pop. per km2),T,Total,ALL,All regions,2008,2008,RATIO,Ratio,0,Units,,,101.14,,
1,Country,FRA,France,POP_DEN,Population density (pop. per km2),T,Total,ALL,All regions,2009,2009,RATIO,Ratio,0,Units,,,101.69,,
1,Country,FRA,France,POP_DEN,Population density (pop. per km2),T,Total,ALL,All regions,2010,2010,RATIO,Ratio,0,Units,,,102.17,,
1,Country,FRA,France,POP_DEN,Population density (pop. per km2),T,Total,ALL,All regions,2011,2011,RATIO,Ratio,0,Units,,,102.68,,
1,Country,FRA,France,POP_DEN,Population density (pop. per km2),T,Total,ALL,All regions,2012,2012,RATIO,Ratio,0,Units,,,103.15,,
1,Country,FRA,France,POP_DEN,Population density (pop. per km2),T,Total,ALL,All regions,2013,2013,RATIO,Ratio,0,Units,,,103.66,,
1,Country,FRA,France,POP_DEN,Population density (pop. per km2),T,Total,ALL,All regions,2014,2014,RATIO,Ratio,0,Units,,,104.14,,
1,Country,DEU,Germany,POP_DEN,Population density (pop. per km2),T,Total,ALL,All regions,2000,2000,RATIO,Ratio,0,Units,,,230.14,,
1,Country,DEU,Germany,POP_DEN,Population density (pop. per km2),T,Total,ALL,All regions,2001,2001,RATIO,Ratio,0,Units,,,230.4,,
1,Country,DEU,Germany,POP_DEN,Population density (pop. per km2),T,Total,ALL,All regions,2002,2002,RATIO,Ratio,0,Units,,,230.91,,
1,Country,DEU,Germany,POP_DEN,Population density (pop. per km2),T,Total,ALL,All regions,2003,2003,RATIO,Ratio,0,Units,,,231.18,,
1,Country,DEU,Germany,POP_DEN,Population density (pop. per km2),T,Total,ALL,All regions,2004,2004,RATIO,Ratio,0,Units,,,231.16,,
1,Country,DEU,Germany,POP_DEN,Population density (pop. per km2),T,Total,ALL,All regions,2005,2005,RATIO,Ratio,0,Units,,,231.03,,
1,Country,DEU,Germany,POP_DEN,Population density (pop. per km2),T,Total,ALL,All regions,2006,2006,RATIO,Ratio,0,Units,,,230.86,,
1,Country,DEU,Germany,POP_DEN,Population density (pop. per km2),T,Total,ALL,All regions,2007,2007,RATIO,Ratio,0,Units,,,230.5,,
1,Country,DEU,Germany,POP_DEN,Population density (pop. per km2),T,Total,ALL,All regions,2008,2008,RATIO,Ratio,0,Units,,,230.23,,
1,Country,DEU,Germany,POP_DEN,Population density (pop. per km2),T,Total,ALL,All regions,2009,2009,RATIO,Ratio,0,Units,,,229.63,,
1,Country,DEU,Germany,POP_DEN,Population density (pop. per km2),T,Total,ALL,All regions,2010,2010,RATIO,Ratio,0,Units,,,229.06,,
1,Country,DEU,Germany,POP_DEN,Population density (pop. per km2),T,Total,ALL,All regions,2011,2011,RATIO,Ratio,0,Units,,,224.64,B,Break
1,Country,DEU,Germany,POP_DEN,Population density (pop. per km2),T,Total,ALL,All regions,2012,2012,RATIO,Ratio,0,Units,,,224.92,,
1,Country,DEU,Germany,POP_DEN,Population density (pop. per km2),T,Total,ALL,All regions,2013,2013,RATIO,Ratio,0,Units,,,225.45,,
1,Country,DEU,Germany,POP_DEN,Population density (pop. per km2),T,Total,ALL,All regions,2014,2014,RATIO,Ratio,0,Units,,,226.02,,
1,Country,GBR,United Kingdom,POP_DEN,Population density (pop. per km2),T,Total,ALL,All regions,2000,2000,RATIO,Ratio,0,Units,,,242.4,,
1,Country,GBR,United Kingdom,POP_DEN,Population density (pop. per km2),T,Total,ALL,All regions,2001,2001,RATIO,Ratio,0,Units,,,243.29,,
1,Country,GBR,United Kingdom,POP_DEN,Population density (pop. per km2),T,Total,ALL,All regions,2002,2002,RATIO,Ratio,0,Units,,,244.28,,
1,Country,GBR,United Kingdom,POP_DEN,Population density (pop. per km2),T,Total,ALL,All regions,2003,2003,RATIO,Ratio,0,Units,,,245.36,,
1,Country,GBR,United Kingdom,POP_DEN,Population density (pop. per km2),T,Total,ALL,All regions,2004,2004,RATIO,Ratio,0,Units,,,246.56,,
1,Country,GBR,United Kingdom,POP_DEN,Population density (pop. per km2),T,Total,ALL,All regions,2005,2005,RATIO,Ratio,0,Units,,,248.16,,
1,Country,GBR,United Kingdom,POP_DEN,Population density (pop. per km2),T,Total,ALL,All regions,2006,2006,RATIO,Ratio,0,Units,,,249.97,,
1,Country,GBR,United Kingdom,POP_DEN,Population density (pop. per km2),T,Total,ALL,All regions,2007,2007,RATIO,Ratio,0,Units,,,251.84,,
1,Country,GBR,United Kingdom,POP_DEN,Population density (pop. per km2),T,Total,ALL,All regions,2008,2008,RATIO,Ratio,0,Units,,,253.89,,
1,Country,GBR,United Kingdom,POP_DEN,Population density (pop. per km2),T,Total,ALL,All regions,2009,2009,RATIO,Ratio,0,Units,,,255.84,,
1,Country,GBR,United Kingdom,POP_DEN,Population density (pop. per km2),T,Total,ALL,All regions,2010,2010,RATIO,Ratio,0,Units,,,257.77,,
1,Country,GBR,United Kingdom,POP_DEN,Population density (pop. per km2),T,Total,ALL,All regions,2011,2011,RATIO,Ratio,0,Units,,,259.88,,
1,Country,GBR,United Kingdom,POP_DEN,Population density (pop. per km2),T,Total,ALL,All regions,2012,2012,RATIO,Ratio,0,Units,,,261.83,,
1,Country,GBR,United Kingdom,POP_DEN,Population density (pop. per km2),T,Total,ALL,All regions,2013,2013,RATIO,Ratio,0,Units,,,263.52,,
1,Country,GBR,United Kingdom,POP_DEN,Population density (pop. per km2),T,Total,ALL,All regions,2014,2014,RATIO,Ratio,0,Units,,,265.36,,
1,Country,LVA,Latvia,POP_DEN,Population density (pop. per km2),T,Total,ALL,All regions,2000,2000,RATIO,Ratio,0,Units,,,38.24,,
1,Country,LVA,Latvia,POP_DEN,Population density (pop. per km2),T,Total,ALL,All regions,2001,2001,RATIO,Ratio,0,Units,,,37.78,,
1,Country,LVA,Latvia,POP_DEN,Population density (pop. per km2),T,Total,ALL,All regions,2002,2002,RATIO,Ratio,0,Units,,,37.26,,
1,Country,LVA,Latvia,POP_DEN,Population density (pop. per km2),T,Total,ALL,All regions,2003,2003,RATIO,Ratio,0,Units,,,36.91,,
1,Country,LVA,Latvia,POP_DEN,Population density (pop. per km2),T,Total,ALL,All regions,2004,2004,RATIO,Ratio,0,Units,,,36.55,,
1,Country,LVA,Latvia,POP_DEN,Population density (pop. per km2),T,Total,ALL,All regions,2005,2005,RATIO,Ratio,0,Units,,,36.12,,
1,Country,LVA,Latvia,POP_DEN,Population density (pop. per km2),T,Total,ALL,All regions,2006,2006,RATIO,Ratio,0,Units,,,35.77,,
1,Country,LVA,Latvia,POP_DEN,Population density (pop. per km2),T,Total,ALL,All regions,2007,2007,RATIO,Ratio,0,Units,,,35.46,,
1,Country,LVA,Latvia,POP_DEN,Population density (pop. per km2),T,Total,ALL,All regions,2008,2008,RATIO,Ratio,0,Units,,,35.24,,
1,Country,LVA,Latvia,POP_DEN,Population density (pop. per km2),T,Total,ALL,All regions,2009,2009,RATIO,Ratio,0,Units,,,34.77,,
1,Country,LVA,Latvia,POP_DEN,Population density (pop. per km2),T,Total,ALL,All regions,2010,2010,RATIO,Ratio,0,Units,,,34.09,,
1,Country,LVA,Latvia,POP_DEN,Population density (pop. per km2),T,Total,ALL,All regions,2011,2011,RATIO,Ratio,0,Units,,,33.35,,
1,Country,LVA,Latvia,POP_DEN,Population density (pop. per km2),T,Total,ALL,All regions,2012,2012,RATIO,Ratio,0,Units,,,32.88,,
1,Country,LVA,Latvia,POP_DEN,Population density (pop. per km2),T,Total,ALL,All regions,2013,2013,RATIO,Ratio,0,Units,,,32.53,,
1,Country,LVA,Latvia,POP_DEN,Population density (pop. per km2),T,Total,ALL,All regions,2014,2014,RATIO,Ratio,0,Units,,,32.17,,
1,Country,LTU,Lithuania,POP_DEN,Population density (pop. per km2),T,Total,ALL,All regions,2000,2000,RATIO,Ratio,0,Units,,,56.03,,
1,Country,LTU,Lithuania,POP_DEN,Population density (pop. per km2),T,Total,ALL,All regions,2001,2001,RATIO,Ratio,0,Units,,,55.63,,
1,Country,LTU,Lithuania,POP_DEN,Population density (pop. per km2),T,Total,ALL,All regions,2002,2002,RATIO,Ratio,0,Units,,,55.12,,
1,Country,LTU,Lithuania,POP_DEN,Population density (pop. per km2),T,Total,ALL,All regions,2003,2003,RATIO,Ratio,0,Units,,,54.75,,
1,Country,LTU,Lithuania,POP_DEN,Population density (pop. per km2),T,Total,ALL,All regions,2004,2004,RATIO,Ratio,0,Units,,,54.23,,
1,Country,LTU,Lithuania,POP_DEN,Population density (pop. per km2),T,Total,ALL,All regions,2005,2005,RATIO,Ratio,0,Units,,,53.53,,
1,Country,LTU,Lithuania,POP_DEN,Population density (pop. per km2),T,Total,ALL,All regions,2006,2006,RATIO,Ratio,0,Units,,,52.49,,
1,Country,LTU,Lithuania,POP_DEN,Population density (pop. per km2),T,Total,ALL,All regions,2007,2007,RATIO,Ratio,0,Units,,,51.85,,
1,Country,LTU,Lithuania,POP_DEN,Population density (pop. per km2),T,Total,ALL,All regions,2008,2008,RATIO,Ratio,0,Units,,,51.26,,
1,Country,LTU,Lithuania,POP_DEN,Population density (pop. per km2),T,Total,ALL,All regions,2009,2009,RATIO,Ratio,0,Units,,,50.8,,
1,Country,LTU,Lithuania,POP_DEN,Population density (pop. per km2),T,Total,ALL,All regions,2010,2010,RATIO,Ratio,0,Units,,,50.13,,
1,Country,LTU,Lithuania,POP_DEN,Population density (pop. per km2),T,Total,ALL,All regions,2011,2011,RATIO,Ratio,0,Units,,,48.71,,
1,Country,LTU,Lithuania,POP_DEN,Population density (pop. per km2),T,Total,ALL,All regions,2012,2012,RATIO,Ratio,0,Units,,,47.92,,
1,Country,LTU,Lithuania,POP_DEN,Population density (pop. per km2),T,Total,ALL,All regions,2013,2013,RATIO,Ratio,0,Units,,,47.42,,
1,Country,LTU,Lithuania,POP_DEN,Population density (pop. per km2),T,Total,ALL,All regions,2014,2014,RATIO,Ratio,0,Units,,,46.96,,
1,Country,GRC,Greece,POP_DEN,Population density (pop. per km2),T,Total,ALL,All regions,2000,2000,RATIO,Ratio,0,Units,,,82.37,,
1,Country,GRC,Greece,POP_DEN,Population density (pop. per km2),T,Total,ALL,All regions,2001,2001,RATIO,Ratio,0,Units,,,82.83,,
1,Country,GRC,Greece,POP_DEN,Population density (pop. per km2),T,Total,ALL,All regions,2002,2002,RATIO,Ratio,0,Units,,,83.23,,
1,Country,GRC,Greece,POP_DEN,Population density (pop. per km2),T,Total,ALL,All regions,2003,2003,RATIO,Ratio,0,Units,,,83.44,,
1,Country,GRC,Greece,POP_DEN,Population density (pop. per km2),T,Total,ALL,All regions,2004,2004,RATIO,Ratio,0,Units,,,83.63,,
1,Country,GRC,Greece,POP_DEN,Population density (pop. per km2),T,Total,ALL,All regions,2005,2005,RATIO,Ratio,0,Units,,,83.86,,
1,Country,GRC,Greece,POP_DEN,Population density (pop. per km2),T,Total,ALL,All regions,2006,2006,RATIO,Ratio,0,Units,,,84.12,,
1,Country,GRC,Greece,POP_DEN,Population density (pop. per km2),T,Total,ALL,All regions,2007,2007,RATIO,Ratio,0,Units,,,84.36,,
1,Country,GRC,Greece,POP_DEN,Population density (pop. per km2),T,Total,ALL,All regions,2008,2008,RATIO,Ratio,0,Units,,,84.55,,
1,Country,GRC,Greece,POP_DEN,Population density (pop. per km2),T,Total,ALL,All regions,2009,2009,RATIO,Ratio,0,Units,,,84.81,,
1,Country,GRC,Greece,POP_DEN,Population density (pop. per km2),T,Total,ALL,All regions,2010,2010,RATIO,Ratio,0,Units,,,85,,
1,Country,GRC,Greece,POP_DEN,Population density (pop. per km2),T,Total,ALL,All regions,2011,2011,RATIO,Ratio,0,Units,,,85.03,,
1,Country,GRC,Greece,POP_DEN,Population density (pop. per km2),T,Total,ALL,All regions,2012,2012,RATIO,Ratio,0,Units,,,84.75,,
1,Country,GRC,Greece,POP_DEN,Population density (pop. per km2),T,Total,ALL,All regions,2013,2013,RATIO,Ratio,0,Units,,,84.11,,
1,Country,GRC,Greece,POP_DEN,Population density (pop. per km2),T,Total,ALL,All regions,2014,2014,RATIO,Ratio,0,Units,,,83.53,,
1,Country,HUN,Hungary,POP_DEN,Population density (pop. per km2),T,Total,ALL,All regions,2000,2000,RATIO,Ratio,0,Units,,,109.87,,
1,Country,HUN,Hungary,POP_DEN,Population density (pop. per km2),T,Total,ALL,All regions,2001,2001,RATIO,Ratio,0,Units,,,109.65,,
1,Country,HUN,Hungary,POP_DEN,Population density (pop. per km2),T,Total,ALL,All regions,2002,2002,RATIO,Ratio,0,Units,,,109.37,,
1,Country,HUN,Hungary,POP_DEN,Population density (pop. per km2),T,Total,ALL,All regions,2003,2003,RATIO,Ratio,0,Units,,,109.02,,
1,Country,HUN,Hungary,POP_DEN,Population density (pop. per km2),T,Total,ALL,All regions,2004,2004,RATIO,Ratio,0,Units,,,108.75,,
1,Country,HUN,Hungary,POP_DEN,Population density (pop. per km2),T,Total,ALL,All regions,2005,2005,RATIO,Ratio,0,Units,,,108.54,,
1,Country,HUN,Hungary,POP_DEN,Population density (pop. per km2),T,Total,ALL,All regions,2006,2006,RATIO,Ratio,0,Units,,,108.32,,
1,Country,HUN,Hungary,POP_DEN,Population density (pop. per km2),T,Total,ALL,All regions,2007,2007,RATIO,Ratio,0,Units,,,108.2,,
1,Country,HUN,Hungary,POP_DEN,Population density (pop. per km2),T,Total,ALL,All regions,2008,2008,RATIO,Ratio,0,Units,,,107.98,,
1,Country,HUN,Hungary,POP_DEN,Population density (pop. per km2),T,Total,ALL,All regions,2009,2009,RATIO,Ratio,0,Units,,,107.83,,
1,Country,HUN,Hungary,POP_DEN,Population density (pop. per km2),T,Total,ALL,All regions,2010,2010,RATIO,Ratio,0,Units,,,107.65,,
1,Country,HUN,Hungary,POP_DEN,Population density (pop. per km2),T,Total,ALL,All regions,2011,2011,RATIO,Ratio,0,Units,,,107.34,,
1,Country,HUN,Hungary,POP_DEN,Population density (pop. per km2),T,Total,ALL,All regions,2012,2012,RATIO,Ratio,0,Units,,,106.76,B,Break
1,Country,HUN,Hungary,POP_DEN,Population density (pop. per km2),T,Total,ALL,All regions,2013,2013,RATIO,Ratio,0,Units,,,106.51,,
1,Country,HUN,Hungary,POP_DEN,Population density (pop. per km2),T,Total,ALL,All regions,2014,2014,RATIO,Ratio,0,Units,,,106.18,,
1,Country,ISL,Iceland,POP_DEN,Population density (pop. per km2),T,Total,ALL,All regions,2000,2000,RATIO,Ratio,0,Units,,,2.78,,
1,Country,ISL,Iceland,POP_DEN,Population density (pop. per km2),T,Total,ALL,All regions,2001,2001,RATIO,Ratio,0,Units,,,2.83,,
1,Country,ISL,Iceland,POP_DEN,Population density (pop. per km2),T,Total,ALL,All regions,2002,2002,RATIO,Ratio,0,Units,,,2.86,,
1,Country,ISL,Iceland,POP_DEN,Population density (pop. per km2),T,Total,ALL,All regions,2003,2003,RATIO,Ratio,0,Units,,,2.88,,
1,Country,ISL,Iceland,POP_DEN,Population density (pop. per km2),T,Total,ALL,All regions,2004,2004,RATIO,Ratio,0,Units,,,2.9,,
1,Country,ISL,Iceland,POP_DEN,Population density (pop. per km2),T,Total,ALL,All regions,2005,2005,RATIO,Ratio,0,Units,,,2.93,,
1,Country,ISL,Iceland,POP_DEN,Population density (pop. per km2),T,Total,ALL,All regions,2006,2006,RATIO,Ratio,0,Units,,,2.99,,
1,Country,ISL,Iceland,POP_DEN,Population density (pop. per km2),T,Total,ALL,All regions,2007,2007,RATIO,Ratio,0,Units,,,3.07,,
1,Country,ISL,Iceland,POP_DEN,Population density (pop. per km2),T,Total,ALL,All regions,2008,2008,RATIO,Ratio,0,Units,,,3.15,,
1,Country,ISL,Iceland,POP_DEN,Population density (pop. per km2),T,Total,ALL,All regions,2009,2009,RATIO,Ratio,0,Units,,,3.19,,
1,Country,ISL,Iceland,POP_DEN,Population density (pop. per km2),T,Total,ALL,All regions,2010,2010,RATIO,Ratio,0,Units,,,3.17,,
1,Country,ISL,Iceland,POP_DEN,Population density (pop. per km2),T,Total,ALL,All regions,2011,2011,RATIO,Ratio,0,Units,,,3.18,,
1,Country,ISL,Iceland,POP_DEN,Population density (pop. per km2),T,Total,ALL,All regions,2012,2012,RATIO,Ratio,0,Units,,,3.19,,
1,Country,ISL,Iceland,POP_DEN,Population density (pop. per km2),T,Total,ALL,All regions,2013,2013,RATIO,Ratio,0,Units,,,3.21,,
1,Country,ISL,Iceland,POP_DEN,Population density (pop. per km2),T,Total,ALL,All regions,2014,2014,RATIO,Ratio,0,Units,,,3.25,,
1,Country,ISL,Iceland,POP_DEN,Population density (pop. per km2),T,Total,ALL,All regions,2015,2015,RATIO,Ratio,0,Units,,,3.28,,
1,Country,IRL,Ireland,POP_DEN,Population density (pop. per km2),T,Total,ALL,All regions,2000,2000,RATIO,Ratio,0,Units,,,55.23,,
1,Country,IRL,Ireland,POP_DEN,Population density (pop. per km2),T,Total,ALL,All regions,2001,2001,RATIO,Ratio,0,Units,,,56.04,,
1,Country,IRL,Ireland,POP_DEN,Population density (pop. per km2),T,Total,ALL,All regions,2002,2002,RATIO,Ratio,0,Units,,,57.02,,
1,Country,IRL,Ireland,POP_DEN,Population density (pop. per km2),T,Total,ALL,All regions,2003,2003,RATIO,Ratio,0,Units,,,57.96,,
1,Country,IRL,Ireland,POP_DEN,Population density (pop. per km2),T,Total,ALL,All regions,2004,2004,RATIO,Ratio,0,Units,,,58.91,,
1,Country,IRL,Ireland,POP_DEN,Population density (pop. per km2),T,Total,ALL,All regions,2005,2005,RATIO,Ratio,0,Units,,,60.12,,
1,Country,IRL,Ireland,POP_DEN,Population density (pop. per km2),T,Total,ALL,All regions,2006,2006,RATIO,Ratio,0,Units,,,61.53,,
1,Country,IRL,Ireland,POP_DEN,Population density (pop. per km2),T,Total,ALL,All regions,2007,2007,RATIO,Ratio,0,Units,,,63.46,,
1,Country,IRL,Ireland,POP_DEN,Population density (pop. per km2),T,Total,ALL,All regions,2008,2008,RATIO,Ratio,0,Units,,,65.18,,
1,Country,IRL,Ireland,POP_DEN,Population density (pop. per km2),T,Total,ALL,All regions,2009,2009,RATIO,Ratio,0,Units,,,66.11,,
1,Country,IRL,Ireland,POP_DEN,Population density (pop. per km2),T,Total,ALL,All regions,2010,2010,RATIO,Ratio,0,Units,,,66.52,,
1,Country,IRL,Ireland,POP_DEN,Population density (pop. per km2),T,Total,ALL,All regions,2011,2011,RATIO,Ratio,0,Units,,,66.83,,
1,Country,IRL,Ireland,POP_DEN,Population density (pop. per km2),T,Total,ALL,All regions,2012,2012,RATIO,Ratio,0,Units,,,67.1,,
1,Country,IRL,Ireland,POP_DEN,Population density (pop. per km2),T,Total,ALL,All regions,2013,2013,RATIO,Ratio,0,Units,,,67.4,,
1,Country,IRL,Ireland,POP_DEN,Population density (pop. per km2),T,Total,ALL,All regions,2014,2014,RATIO,Ratio,0,Units,,,67.81,,
1,Country,NLD,Netherlands,POP_DEN,Population density (pop. per km2),T,Total,ALL,All regions,2000,2000,RATIO,Ratio,0,Units,,,468.34,,
1,Country,NLD,Netherlands,POP_DEN,Population density (pop. per km2),T,Total,ALL,All regions,2001,2001,RATIO,Ratio,0,Units,,,471.97,,
1,Country,NLD,Netherlands,POP_DEN,Population density (pop. per km2),T,Total,ALL,All regions,2002,2002,RATIO,Ratio,0,Units,,,475.46,,
1,Country,NLD,Netherlands,POP_DEN,Population density (pop. per km2),T,Total,ALL,All regions,2003,2003,RATIO,Ratio,0,Units,,,479.31,,
1,Country,NLD,Netherlands,POP_DEN,Population density (pop. per km2),T,Total,ALL,All regions,2004,2004,RATIO,Ratio,0,Units,,,481.25,,
1,Country,NLD,Netherlands,POP_DEN,Population density (pop. per km2),T,Total,ALL,All regions,2005,2005,RATIO,Ratio,0,Units,,,482.65,,
1,Country,NLD,Netherlands,POP_DEN,Population density (pop. per km2),T,Total,ALL,All regions,2006,2006,RATIO,Ratio,0,Units,,,483.5,,
1,Country,NLD,Netherlands,POP_DEN,Population density (pop. per km2),T,Total,ALL,All regions,2007,2007,RATIO,Ratio,0,Units,,,484.6,,
1,Country,NLD,Netherlands,POP_DEN,Population density (pop. per km2),T,Total,ALL,All regions,2008,2008,RATIO,Ratio,0,Units,,,486,,
1,Country,NLD,Netherlands,POP_DEN,Population density (pop. per km2),T,Total,ALL,All regions,2009,2009,RATIO,Ratio,0,Units,,,488.38,,
1,Country,NLD,Netherlands,POP_DEN,Population density (pop. per km2),T,Total,ALL,All regions,2010,2010,RATIO,Ratio,0,Units,,,491.02,,
1,Country,NLD,Netherlands,POP_DEN,Population density (pop. per km2),T,Total,ALL,All regions,2011,2011,RATIO,Ratio,0,Units,,,493.42,,
1,Country,NLD,Netherlands,POP_DEN,Population density (pop. per km2),T,Total,ALL,All regions,2012,2012,RATIO,Ratio,0,Units,,,496.18,,
1,Country,NLD,Netherlands,POP_DEN,Population density (pop. per km2),T,Total,ALL,All regions,2013,2013,RATIO,Ratio,0,Units,,,497.64,,
1,Country,NLD,Netherlands,POP_DEN,Population density (pop. per km2),T,Total,ALL,All regions,2014,2014,RATIO,Ratio,0,Units,,,499.59,,
1,Country,NOR,Norway,POP_DEN,Population density (pop. per km2),T,Total,ALL,All regions,2000,2000,RATIO,Ratio,0,Units,,,14.62,,
1,Country,NOR,Norway,POP_DEN,Population density (pop. per km2),T,Total,ALL,All regions,2001,2001,RATIO,Ratio,0,Units,,,14.71,,
1,Country,NOR,Norway,POP_DEN,Population density (pop. per km2),T,Total,ALL,All regions,2002,2002,RATIO,Ratio,0,Units,,,14.77,,
1,Country,NOR,Norway,POP_DEN,Population density (pop. per km2),T,Total,ALL,All regions,2003,2003,RATIO,Ratio,0,Units,,,14.86,,
1,Country,NOR,Norway,POP_DEN,Population density (pop. per km2),T,Total,ALL,All regions,2004,2004,RATIO,Ratio,0,Units,,,15.04,,
1,Country,NOR,Norway,POP_DEN,Population density (pop. per km2),T,Total,ALL,All regions,2005,2005,RATIO,Ratio,0,Units,,,15.14,,
1,Country,NOR,Norway,POP_DEN,Population density (pop. per km2),T,Total,ALL,All regions,2006,2006,RATIO,Ratio,0,Units,,,15.25,,
1,Country,NOR,Norway,POP_DEN,Population density (pop. per km2),T,Total,ALL,All regions,2007,2007,RATIO,Ratio,0,Units,,,15.38,,
1,Country,NOR,Norway,POP_DEN,Population density (pop. per km2),T,Total,ALL,All regions,2008,2008,RATIO,Ratio,0,Units,,,15.51,,
1,Country,NOR,Norway,POP_DEN,Population density (pop. per km2),T,Total,ALL,All regions,2009,2009,RATIO,Ratio,0,Units,,,15.71,,
1,Country,NOR,Norway,POP_DEN,Population density (pop. per km2),T,Total,ALL,All regions,2010,2010,RATIO,Ratio,0,Units,,,15.9,,
1,Country,NOR,Norway,POP_DEN,Population density (pop. per km2),T,Total,ALL,All regions,2011,2011,RATIO,Ratio,0,Units,,,16.11,,
1,Country,NOR,Norway,POP_DEN,Population density (pop. per km2),T,Total,ALL,All regions,2012,2012,RATIO,Ratio,0,Units,,,16.39,,
1,Country,NOR,Norway,POP_DEN,Population density (pop. per km2),T,Total,ALL,All regions,2013,2013,RATIO,Ratio,0,Units,,,16.6,,
1,Country,NOR,Norway,POP_DEN,Population density (pop. per km2),T,Total,ALL,All regions,2014,2014,RATIO,Ratio,0,Units,,,16.79,,
1,Country,POL,Poland,POP_DEN,Population density (pop. per km2),T,Total,ALL,All regions,2000,2000,RATIO,Ratio,0,Units,,,124.96,,
1,Country,POL,Poland,POP_DEN,Population density (pop. per km2),T,Total,ALL,All regions,2001,2001,RATIO,Ratio,0,Units,,,124.93,,
1,Country,POL,Poland,POP_DEN,Population density (pop. per km2),T,Total,ALL,All regions,2002,2002,RATIO,Ratio,0,Units,,,124.9,,
1,Country,POL,Poland,POP_DEN,Population density (pop. per km2),T,Total,ALL,All regions,2003,2003,RATIO,Ratio,0,Units,,,124.82,,
1,Country,POL,Poland,POP_DEN,Population density (pop. per km2),T,Total,ALL,All regions,2004,2004,RATIO,Ratio,0,Units,,,124.73,,
1,Country,POL,Poland,POP_DEN,Population density (pop. per km2),T,Total,ALL,All regions,2005,2005,RATIO,Ratio,0,Units,,,124.67,,
1,Country,POL,Poland,POP_DEN,Population density (pop. per km2),T,Total,ALL,All regions,2006,2006,RATIO,Ratio,0,Units,,,124.62,,
1,Country,POL,Poland,POP_DEN,Population density (pop. per km2),T,Total,ALL,All regions,2007,2007,RATIO,Ratio,0,Units,,,124.51,,
1,Country,POL,Poland,POP_DEN,Population density (pop. per km2),T,Total,ALL,All regions,2008,2008,RATIO,Ratio,0,Units,,,124.48,,
1,Country,POL,Poland,POP_DEN,Population density (pop. per km2),T,Total,ALL,All regions,2009,2009,RATIO,Ratio,0,Units,,,124.55,,
1,Country,POL,Poland,POP_DEN,Population density (pop. per km2),T,Total,ALL,All regions,2010,2010,RATIO,Ratio,0,Units,,,124.18,B,Break
1,Country,POL,Poland,POP_DEN,Population density (pop. per km2),T,Total,ALL,All regions,2011,2011,RATIO,Ratio,0,Units,,,124.31,,
1,Country,POL,Poland,POP_DEN,Population density (pop. per km2),T,Total,ALL,All regions,2012,2012,RATIO,Ratio,0,Units,,,124.31,,
1,Country,POL,Poland,POP_DEN,Population density (pop. per km2),T,Total,ALL,All regions,2013,2013,RATIO,Ratio,0,Units,,,124.31,,
1,Country,POL,Poland,POP_DEN,Population density (pop. per km2),T,Total,ALL,All regions,2014,2014,RATIO,Ratio,0,Units,,,124.16,,
1,Country,USA,United States,POP_DEN,Population density (pop. per km2),T,Total,ALL,All regions,2000,2000,RATIO,Ratio,0,Units,,,30.8,,
1,Country,USA,United States,POP_DEN,Population density (pop. per km2),T,Total,ALL,All regions,2001,2001,RATIO,Ratio,0,Units,,,31.1,,
1,Country,USA,United States,POP_DEN,Population density (pop. per km2),T,Total,ALL,All regions,2002,2002,RATIO,Ratio,0,Units,,,31.39,,
1,Country,USA,United States,POP_DEN,Population density (pop. per km2),T,Total,ALL,All regions,2003,2003,RATIO,Ratio,0,Units,,,31.66,,
1,Country,USA,United States,POP_DEN,Population density (pop. per km2),T,Total,ALL,All regions,2004,2004,RATIO,Ratio,0,Units,,,31.96,,
1,Country,USA,United States,POP_DEN,Population density (pop. per km2),T,Total,ALL,All regions,2005,2005,RATIO,Ratio,0,Units,,,32.25,,
1,Country,USA,United States,POP_DEN,Population density (pop. per km2),T,Total,ALL,All regions,2006,2006,RATIO,Ratio,0,Units,,,32.57,,
1,Country,USA,United States,POP_DEN,Population density (pop. per km2),T,Total,ALL,All regions,2007,2007,RATIO,Ratio,0,Units,,,32.88,,
1,Country,USA,United States,POP_DEN,Population density (pop. per km2),T,Total,ALL,All regions,2008,2008,RATIO,Ratio,0,Units,,,33.19,,
1,Country,USA,United States,POP_DEN,Population density (pop. per km2),T,Total,ALL,All regions,2009,2009,RATIO,Ratio,0,Units,,,33.48,,
1,Country,USA,United States,POP_DEN,Population density (pop. per km2),T,Total,ALL,All regions,2010,2010,RATIO,Ratio,0,Units,,,33.76,,
1,Country,USA,United States,POP_DEN,Population density (pop. per km2),T,Total,ALL,All regions,2011,2011,RATIO,Ratio,0,Units,,,34.02,,
1,Country,USA,United States,POP_DEN,Population density (pop. per km2),T,Total,ALL,All regions,2012,2012,RATIO,Ratio,0,Units,,,34.27,,
1,Country,USA,United States,POP_DEN,Population density (pop. per km2),T,Total,ALL,All regions,2013,2013,RATIO,Ratio,0,Units,,,34.51,,
1,Country,USA,United States,POP_DEN,Population density (pop. per km2),T,Total,ALL,All regions,2014,2014,RATIO,Ratio,0,Units,,,34.77,,
1,Country,ISR,Israel,POP_DEN,Population density (pop. per km2),T,Total,ALL,All regions,2000,2000,RATIO,Ratio,0,Units,,,289.91,,
1,Country,ISR,Israel,POP_DEN,Population density (pop. per km2),T,Total,ALL,All regions,2001,2001,RATIO,Ratio,0,Units,,,296.82,,
1,Country,ISR,Israel,POP_DEN,Population density (pop. per km2),T,Total,ALL,All regions,2002,2002,RATIO,Ratio,0,Units,,,302.82,,
1,Country,ISR,Israel,POP_DEN,Population density (pop. per km2),T,Total,ALL,All regions,2003,2003,RATIO,Ratio,0,Units,,,308.36,,
1,Country,ISR,Israel,POP_DEN,Population density (pop. per km2),T,Total,ALL,All regions,2004,2004,RATIO,Ratio,0,Units,,,313.79,,
1,Country,ISR,Israel,POP_DEN,Population density (pop. per km2),T,Total,ALL,All regions,2005,2005,RATIO,Ratio,0,Units,,,319.84,,
1,Country,ISR,Israel,POP_DEN,Population density (pop. per km2),T,Total,ALL,All regions,2006,2006,RATIO,Ratio,0,Units,,,325.7,,
1,Country,ISR,Israel,POP_DEN,Population density (pop. per km2),T,Total,ALL,All regions,2007,2007,RATIO,Ratio,0,Units,,,331.69,,
1,Country,ISR,Israel,POP_DEN,Population density (pop. per km2),T,Total,ALL,All regions,2008,2008,RATIO,Ratio,0,Units,,,337.67,,
1,Country,ISR,Israel,POP_DEN,Population density (pop. per km2),T,Total,ALL,All regions,2009,2009,RATIO,Ratio,0,Units,,,345.86,,
1,Country,ISR,Israel,POP_DEN,Population density (pop. per km2),T,Total,ALL,All regions,2010,2010,RATIO,Ratio,0,Units,,,352.24,,
1,Country,ISR,Israel,POP_DEN,Population density (pop. per km2),T,Total,ALL,All regions,2011,2011,RATIO,Ratio,0,Units,,,355.55,,
1,Country,ISR,Israel,POP_DEN,Population density (pop. per km2),T,Total,ALL,All regions,2012,2012,RATIO,Ratio,0,Units,,,362.08,,
1,Country,ISR,Israel,POP_DEN,Population density (pop. per km2),T,Total,ALL,All regions,2013,2013,RATIO,Ratio,0,Units,,,368.92,,
1,Country,ISR,Israel,POP_DEN,Population density (pop. per km2),T,Total,ALL,All regions,2014,2014,RATIO,Ratio,0,Units,,,375.85,,
1,Country,ITA,Italy,POP_DEN,Population density (pop. per km2),T,Total,ALL,All regions,2000,2000,RATIO,Ratio,0,Units,,,192.89,,
1,Country,ITA,Italy,POP_DEN,Population density (pop. per km2),T,Total,ALL,All regions,2001,2001,RATIO,Ratio,0,Units,,,193.02,,
1,Country,ITA,Italy,POP_DEN,Population density (pop. per km2),T,Total,ALL,All regions,2002,2002,RATIO,Ratio,0,Units,,,193.1,,
1,Country,ITA,Italy,POP_DEN,Population density (pop. per km2),T,Total,ALL,All regions,2003,2003,RATIO,Ratio,0,Units,,,193.59,,
1,Country,ITA,Italy,POP_DEN,Population density (pop. per km2),T,Total,ALL,All regions,2004,2004,RATIO,Ratio,0,Units,,,194.83,,
1,Country,ITA,Italy,POP_DEN,Population density (pop. per km2),T,Total,ALL,All regions,2005,2005,RATIO,Ratio,0,Units,,,196.11,,
1,Country,ITA,Italy,POP_DEN,Population density (pop. per km2),T,Total,ALL,All regions,2006,2006,RATIO,Ratio,0,Units,,,196.75,,
1,Country,ITA,Italy,POP_DEN,Population density (pop. per km2),T,Total,ALL,All regions,2007,2007,RATIO,Ratio,0,Units,,,197.29,,
1,Country,ITA,Italy,POP_DEN,Population density (pop. per km2),T,Total,ALL,All regions,2008,2008,RATIO,Ratio,0,Units,,,198.75,,
1,Country,ITA,Italy,POP_DEN,Population density (pop. per km2),T,Total,ALL,All regions,2009,2009,RATIO,Ratio,0,Units,,,199.92,,
1,Country,ITA,Italy,POP_DEN,Population density (pop. per km2),T,Total,ALL,All regions,2010,2010,RATIO,Ratio,0,Units,,,200.57,,
1,Country,ITA,Italy,POP_DEN,Population density (pop. per km2),T,Total,ALL,All regions,2011,2011,RATIO,Ratio,0,Units,,,201.16,,
1,Country,ITA,Italy,POP_DEN,Population density (pop. per km2),T,Total,ALL,All regions,2012,2012,RATIO,Ratio,0,Units,,,201.26,,
1,Country,ITA,Italy,POP_DEN,Population density (pop. per km2),T,Total,ALL,All regions,2013,2013,RATIO,Ratio,0,Units,,,202.24,,
1,Country,ITA,Italy,POP_DEN,Population density (pop. per km2),T,Total,ALL,All regions,2014,2014,RATIO,Ratio,0,Units,,,205.96,,
1,Country,JPN,Japan,POP_DEN,Population density (pop. per km2),T,Total,ALL,All regions,2000,2000,RATIO,Ratio,0,Units,,,339.8,,
1,Country,JPN,Japan,POP_DEN,Population density (pop. per km2),T,Total,ALL,All regions,2001,2001,RATIO,Ratio,0,Units,,,340.78,,
1,Country,JPN,Japan,POP_DEN,Population density (pop. per km2),T,Total,ALL,All regions,2002,2002,RATIO,Ratio,0,Units,,,341.16,,
1,Country,JPN,Japan,POP_DEN,Population density (pop. per km2),T,Total,ALL,All regions,2003,2003,RATIO,Ratio,0,Units,,,341.66,,
1,Country,JPN,Japan,POP_DEN,Population density (pop. per km2),T,Total,ALL,All regions,2004,2004,RATIO,Ratio,0,Units,,,341.84,,
1,Country,JPN,Japan,POP_DEN,Population density (pop. per km2),T,Total,ALL,All regions,2005,2005,RATIO,Ratio,0,Units,,,342.06,,
1,Country,JPN,Japan,POP_DEN,Population density (pop. per km2),T,Total,ALL,All regions,2006,2006,RATIO,Ratio,0,Units,,,342.06,,
1,Country,JPN,Japan,POP_DEN,Population density (pop. per km2),T,Total,ALL,All regions,2007,2007,RATIO,Ratio,0,Units,,,342.06,,
1,Country,JPN,Japan,POP_DEN,Population density (pop. per km2),T,Total,ALL,All regions,2008,2008,RATIO,Ratio,0,Units,,,341.84,,
1,Country,JPN,Japan,POP_DEN,Population density (pop. per km2),T,Total,ALL,All regions,2009,2009,RATIO,Ratio,0,Units,,,341.37,,
1,Country,JPN,Japan,POP_DEN,Population density (pop. per km2),T,Total,ALL,All regions,2010,2010,RATIO,Ratio,0,Units,,,342.82,,
1,Country,JPN,Japan,POP_DEN,Population density (pop. per km2),T,Total,ALL,All regions,2011,2011,RATIO,Ratio,0,Units,,,342.13,,
1,Country,JPN,Japan,POP_DEN,Population density (pop. per km2),T,Total,ALL,All regions,2012,2012,RATIO,Ratio,0,Units,,,341.39,,
1,Country,JPN,Japan,POP_DEN,Population density (pop. per km2),T,Total,ALL,All regions,2013,2013,RATIO,Ratio,0,Units,,,340.79,,
1,Country,PRT,Portugal,POP_DEN,Population density (pop. per km2),T,Total,ALL,All regions,2000,2000,RATIO,Ratio,0,Units,,,111.25,,
1,Country,PRT,Portugal,POP_DEN,Population density (pop. per km2),T,Total,ALL,All regions,2001,2001,RATIO,Ratio,0,Units,,,112.4,,
1,Country,PRT,Portugal,POP_DEN,Population density (pop. per km2),T,Total,ALL,All regions,2002,2002,RATIO,Ratio,0,Units,,,113.05,,
1,Country,PRT,Portugal,POP_DEN,Population density (pop. per km2),T,Total,ALL,All regions,2003,2003,RATIO,Ratio,0,Units,,,113.59,,
1,Country,PRT,Portugal,POP_DEN,Population density (pop. per km2),T,Total,ALL,All regions,2004,2004,RATIO,Ratio,0,Units,,,113.84,,
1,Country,PRT,Portugal,POP_DEN,Population density (pop. per km2),T,Total,ALL,All regions,2005,2005,RATIO,Ratio,0,Units,,,113.93,,
1,Country,PRT,Portugal,POP_DEN,Population density (pop. per km2),T,Total,ALL,All regions,2006,2006,RATIO,Ratio,0,Units,,,114.11,,
1,Country,PRT,Portugal,POP_DEN,Population density (pop. per km2),T,Total,ALL,All regions,2007,2007,RATIO,Ratio,0,Units,,,114.34,,
1,Country,PRT,Portugal,POP_DEN,Population density (pop. per km2),T,Total,ALL,All regions,2008,2008,RATIO,Ratio,0,Units,,,114.6,,
1,Country,PRT,Portugal,POP_DEN,Population density (pop. per km2),T,Total,ALL,All regions,2009,2009,RATIO,Ratio,0,Units,,,114.7,,
1,Country,PRT,Portugal,POP_DEN,Population density (pop. per km2),T,Total,ALL,All regions,2010,2010,RATIO,Ratio,0,Units,,,114.66,,
1,Country,PRT,Portugal,POP_DEN,Population density (pop. per km2),T,Total,ALL,All regions,2011,2011,RATIO,Ratio,0,Units,,,114.66,,
1,Country,PRT,Portugal,POP_DEN,Population density (pop. per km2),T,Total,ALL,All regions,2012,2012,RATIO,Ratio,0,Units,,,114.33,,
1,Country,PRT,Portugal,POP_DEN,Population density (pop. per km2),T,Total,ALL,All regions,2013,2013,RATIO,Ratio,0,Units,,,113.73,,
1,Country,PRT,Portugal,POP_DEN,Population density (pop. per km2),T,Total,ALL,All regions,2014,2014,RATIO,Ratio,0,Units,,,113.06,,
1,Country,SVK,Slovak Republic,POP_DEN,Population density (pop. per km2),T,Total,ALL,All regions,2000,2000,RATIO,Ratio,0,Units,,,110.1,,
1,Country,SVK,Slovak Republic,POP_DEN,Population density (pop. per km2),T,Total,ALL,All regions,2001,2001,RATIO,Ratio,0,Units,,,109.69,,
1,Country,SVK,Slovak Republic,POP_DEN,Population density (pop. per km2),T,Total,ALL,All regions,2002,2002,RATIO,Ratio,0,Units,,,109.7,,
1,Country,SVK,Slovak Republic,POP_DEN,Population density (pop. per km2),T,Total,ALL,All regions,2003,2003,RATIO,Ratio,0,Units,,,109.62,,
1,Country,SVK,Slovak Republic,POP_DEN,Population density (pop. per km2),T,Total,ALL,All regions,2004,2004,RATIO,Ratio,0,Units,,,109.55,,
1,Country,SVK,Slovak Republic,POP_DEN,Population density (pop. per km2),T,Total,ALL,All regions,2005,2005,RATIO,Ratio,0,Units,,,109.57,,
1,Country,SVK,Slovak Republic,POP_DEN,Population density (pop. per km2),T,Total,ALL,All regions,2006,2006,RATIO,Ratio,0,Units,,,109.58,,
1,Country,SVK,Slovak Republic,POP_DEN,Population density (pop. per km2),T,Total,ALL,All regions,2007,2007,RATIO,Ratio,0,Units,,,109.58,,
1,Country,SVK,Slovak Republic,POP_DEN,Population density (pop. per km2),T,Total,ALL,All regions,2008,2008,RATIO,Ratio,0,Units,,,109.64,,
1,Country,SVK,Slovak Republic,POP_DEN,Population density (pop. per km2),T,Total,ALL,All regions,2009,2009,RATIO,Ratio,0,Units,,,109.76,,
1,Country,SVK,Slovak Republic,POP_DEN,Population density (pop. per km2),T,Total,ALL,All regions,2010,2010,RATIO,Ratio,0,Units,,,109.93,,
1,Country,SVK,Slovak Republic,POP_DEN,Population density (pop. per km2),T,Total,ALL,All regions,2011,2011,RATIO,Ratio,0,Units,,,109.97,,
1,Country,SVK,Slovak Republic,POP_DEN,Population density (pop. per km2),T,Total,ALL,All regions,2012,2012,RATIO,Ratio,0,Units,,,110.21,,
1,Country,SVK,Slovak Republic,POP_DEN,Population density (pop. per km2),T,Total,ALL,All regions,2013,2013,RATIO,Ratio,0,Units,,,110.34,,
1,Country,SVK,Slovak Republic,POP_DEN,Population density (pop. per km2),T,Total,ALL,All regions,2014,2014,RATIO,Ratio,0,Units,,,110.45,,
1,Country,SVN,Slovenia,POP_DEN,Population density (pop. per km2),T,Total,ALL,All regions,2000,2000,RATIO,Ratio,0,Units,,,98.69,,
1,Country,SVN,Slovenia,POP_DEN,Population density (pop. per km2),T,Total,ALL,All regions,2001,2001,RATIO,Ratio,0,Units,,,98.81,,
1,Country,SVN,Slovenia,POP_DEN,Population density (pop. per km2),T,Total,ALL,All regions,2002,2002,RATIO,Ratio,0,Units,,,99,,
1,Country,SVN,Slovenia,POP_DEN,Population density (pop. per km2),T,Total,ALL,All regions,2003,2003,RATIO,Ratio,0,Units,,,99.05,,
1,Country,SVN,Slovenia,POP_DEN,Population density (pop. per km2),T,Total,ALL,All regions,2004,2004,RATIO,Ratio,0,Units,,,99.12,,
1,Country,SVN,Slovenia,POP_DEN,Population density (pop. per km2),T,Total,ALL,All regions,2005,2005,RATIO,Ratio,0,Units,,,99.18,,
1,Country,SVN,Slovenia,POP_DEN,Population density (pop. per km2),T,Total,ALL,All regions,2006,2006,RATIO,Ratio,0,Units,,,99.47,,
1,Country,SVN,Slovenia,POP_DEN,Population density (pop. per km2),T,Total,ALL,All regions,2007,2007,RATIO,Ratio,0,Units,,,99.82,,
1,Country,SVN,Slovenia,POP_DEN,Population density (pop. per km2),T,Total,ALL,All regions,2008,2008,RATIO,Ratio,0,Units,,,99.82,B,Break
1,Country,SVN,Slovenia,POP_DEN,Population density (pop. per km2),T,Total,ALL,All regions,2009,2009,RATIO,Ratio,0,Units,,,100.92,,
1,Country,SVN,Slovenia,POP_DEN,Population density (pop. per km2),T,Total,ALL,All regions,2010,2010,RATIO,Ratio,0,Units,,,101.65,,
1,Country,SVN,Slovenia,POP_DEN,Population density (pop. per km2),T,Total,ALL,All regions,2011,2011,RATIO,Ratio,0,Units,,,101.81,,
1,Country,SVN,Slovenia,POP_DEN,Population density (pop. per km2),T,Total,ALL,All regions,2012,2012,RATIO,Ratio,0,Units,,,102.07,,
1,Country,SVN,Slovenia,POP_DEN,Population density (pop. per km2),T,Total,ALL,All regions,2013,2013,RATIO,Ratio,0,Units,,,102.24,,
1,Country,SVN,Slovenia,POP_DEN,Population density (pop. per km2),T,Total,ALL,All regions,2014,2014,RATIO,Ratio,0,Units,,,102.35,,
1,Country,ESP,Spain,POP_DEN,Population density (pop. per km2),T,Total,ALL,All regions,2000,2000,RATIO,Ratio,0,Units,,,80.66,,
1,Country,ESP,Spain,POP_DEN,Population density (pop. per km2),T,Total,ALL,All regions,2001,2001,RATIO,Ratio,0,Units,,,81.05,,
1,Country,ESP,Spain,POP_DEN,Population density (pop. per km2),T,Total,ALL,All regions,2002,2002,RATIO,Ratio,0,Units,,,81.78,,
1,Country,ESP,Spain,POP_DEN,Population density (pop. per km2),T,Total,ALL,All regions,2003,2003,RATIO,Ratio,0,Units,,,83.36,,
1,Country,ESP,Spain,POP_DEN,Population density (pop. per km2),T,Total,ALL,All regions,2004,2004,RATIO,Ratio,0,Units,,,84.8,,
1,Country,ESP,Spain,POP_DEN,Population density (pop. per km2),T,Total,ALL,All regions,2005,2005,RATIO,Ratio,0,Units,,,86.29,,
1,Country,ESP,Spain,POP_DEN,Population density (pop. per km2),T,Total,ALL,All regions,2006,2006,RATIO,Ratio,0,Units,,,87.71,,
1,Country,ESP,Spain,POP_DEN,Population density (pop. per km2),T,Total,ALL,All regions,2007,2007,RATIO,Ratio,0,Units,,,89.26,,
1,Country,ESP,Spain,POP_DEN,Population density (pop. per km2),T,Total,ALL,All regions,2008,2008,RATIO,Ratio,0,Units,,,91.02,,
1,Country,ESP,Spain,POP_DEN,Population density (pop. per km2),T,Total,ALL,All regions,2009,2009,RATIO,Ratio,0,Units,,,92.15,,
1,Country,ESP,Spain,POP_DEN,Population density (pop. per km2),T,Total,ALL,All regions,2010,2010,RATIO,Ratio,0,Units,,,92.65,,
1,Country,ESP,Spain,POP_DEN,Population density (pop. per km2),T,Total,ALL,All regions,2011,2011,RATIO,Ratio,0,Units,,,93.01,,
1,Country,ESP,Spain,POP_DEN,Population density (pop. per km2),T,Total,ALL,All regions,2012,2012,RATIO,Ratio,0,Units,,,93.31,,
1,Country,ESP,Spain,POP_DEN,Population density (pop. per km2),T,Total,ALL,All regions,2013,2013,RATIO,Ratio,0,Units,,,93.13,,
1,Country,ESP,Spain,POP_DEN,Population density (pop. per km2),T,Total,ALL,All regions,2014,2014,RATIO,Ratio,0,Units,,,92.6,,
1,Country,CHL,Chile,POP_DEN,Population density (pop. per km2),T,Total,ALL,All regions,2000,2000,RATIO,Ratio,0,Units,,,20.8,,
1,Country,CHL,Chile,POP_DEN,Population density (pop. per km2),T,Total,ALL,All regions,2001,2001,RATIO,Ratio,0,Units,,,20.98,E,Estimated value
1,Country,CHL,Chile,POP_DEN,Population density (pop. per km2),T,Total,ALL,All regions,2002,2002,RATIO,Ratio,0,Units,,,21.17,,
1,Country,CHL,Chile,POP_DEN,Population density (pop. per km2),T,Total,ALL,All regions,2003,2003,RATIO,Ratio,0,Units,,,21.4,,
1,Country,CHL,Chile,POP_DEN,Population density (pop. per km2),T,Total,ALL,All regions,2004,2004,RATIO,Ratio,0,Units,,,21.62,,
1,Country,CHL,Chile,POP_DEN,Population density (pop. per km2),T,Total,ALL,All regions,2005,2005,RATIO,Ratio,0,Units,,,21.84,,
1,Country,CHL,Chile,POP_DEN,Population density (pop. per km2),T,Total,ALL,All regions,2006,2006,RATIO,Ratio,0,Units,,,22.06,,
1,Country,CHL,Chile,POP_DEN,Population density (pop. per km2),T,Total,ALL,All regions,2007,2007,RATIO,Ratio,0,Units,,,22.3,,
1,Country,CHL,Chile,POP_DEN,Population density (pop. per km2),T,Total,ALL,All regions,2008,2008,RATIO,Ratio,0,Units,,,22.54,,
1,Country,CHL,Chile,POP_DEN,Population density (pop. per km2),T,Total,ALL,All regions,2009,2009,RATIO,Ratio,0,Units,,,22.8,,
1,Country,CHL,Chile,POP_DEN,Population density (pop. per km2),T,Total,ALL,All regions,2010,2010,RATIO,Ratio,0,Units,,,23.05,,
1,Country,CHL,Chile,POP_DEN,Population density (pop. per km2),T,Total,ALL,All regions,2011,2011,RATIO,Ratio,0,Units,,,23.31,,
1,Country,CHL,Chile,POP_DEN,Population density (pop. per km2),T,Total,ALL,All regions,2012,2012,RATIO,Ratio,0,Units,,,23.57,,
1,Country,CHL,Chile,POP_DEN,Population density (pop. per km2),T,Total,ALL,All regions,2013,2013,RATIO,Ratio,0,Units,,,23.82,,
1,Country,CHL,Chile,POP_DEN,Population density (pop. per km2),T,Total,ALL,All regions,2014,2014,RATIO,Ratio,0,Units,,,24.07,,
1,Country,CZE,Czech Republic,POP_DEN,Population density (pop. per km2),T,Total,ALL,All regions,2000,2000,RATIO,Ratio,0,Units,,,133.01,,
1,Country,CZE,Czech Republic,POP_DEN,Population density (pop. per km2),T,Total,ALL,All regions,2001,2001,RATIO,Ratio,0,Units,,,132.42,,
1,Country,CZE,Czech Republic,POP_DEN,Population density (pop. per km2),T,Total,ALL,All regions,2002,2002,RATIO,Ratio,0,Units,,,132.02,,
1,Country,CZE,Czech Republic,POP_DEN,Population density (pop. per km2),T,Total,ALL,All regions,2003,2003,RATIO,Ratio,0,Units,,,131.91,,
1,Country,CZE,Czech Republic,POP_DEN,Population density (pop. per km2),T,Total,ALL,All regions,2004,2004,RATIO,Ratio,0,Units,,,131.95,,
1,Country,CZE,Czech Republic,POP_DEN,Population density (pop. per km2),T,Total,ALL,All regions,2005,2005,RATIO,Ratio,0,Units,,,132,,
1,Country,CZE,Czech Republic,POP_DEN,Population density (pop. per km2),T,Total,ALL,All regions,2006,2006,RATIO,Ratio,0,Units,,,132.33,,
1,Country,CZE,Czech Republic,POP_DEN,Population density (pop. per km2),T,Total,ALL,All regions,2007,2007,RATIO,Ratio,0,Units,,,132.75,,
1,Country,CZE,Czech Republic,POP_DEN,Population density (pop. per km2),T,Total,ALL,All regions,2008,2008,RATIO,Ratio,0,Units,,,133.9,,
1,Country,CZE,Czech Republic,POP_DEN,Population density (pop. per km2),T,Total,ALL,All regions,2009,2009,RATIO,Ratio,0,Units,,,134.98,,
1,Country,CZE,Czech Republic,POP_DEN,Population density (pop. per km2),T,Total,ALL,All regions,2010,2010,RATIO,Ratio,0,Units,,,135.45,,
1,Country,CZE,Czech Republic,POP_DEN,Population density (pop. per km2),T,Total,ALL,All regions,2011,2011,RATIO,Ratio,0,Units,,,135.78,,
1,Country,CZE,Czech Republic,POP_DEN,Population density (pop. per km2),T,Total,ALL,All regions,2012,2012,RATIO,Ratio,0,Units,,,136.02,,
1,Country,CZE,Czech Republic,POP_DEN,Population density (pop. per km2),T,Total,ALL,All regions,2013,2013,RATIO,Ratio,0,Units,,,136.17,,
1,Country,CZE,Czech Republic,POP_DEN,Population density (pop. per km2),T,Total,ALL,All regions,2014,2014,RATIO,Ratio,0,Units,,,136.13,,
1,Country,DNK,Denmark,POP_DEN,Population density (pop. per km2),T,Total,ALL,All regions,2000,2000,RATIO,Ratio,0,Units,,,124.18,,
1,Country,DNK,Denmark,POP_DEN,Population density (pop. per km2),T,Total,ALL,All regions,2001,2001,RATIO,Ratio,0,Units,,,124.63,,
1,Country,DNK,Denmark,POP_DEN,Population density (pop. per km2),T,Total,ALL,All regions,2002,2002,RATIO,Ratio,0,Units,,,125.08,,
1,Country,DNK,Denmark,POP_DEN,Population density (pop. per km2),T,Total,ALL,All regions,2003,2003,RATIO,Ratio,0,Units,,,125.43,,
1,Country,DNK,Denmark,POP_DEN,Population density (pop. per km2),T,Total,ALL,All regions,2004,2004,RATIO,Ratio,0,Units,,,125.76,,
1,Country,DNK,Denmark,POP_DEN,Population density (pop. per km2),T,Total,ALL,All regions,2005,2005,RATIO,Ratio,0,Units,,,126.08,,
1,Country,DNK,Denmark,POP_DEN,Population density (pop. per km2),T,Total,ALL,All regions,2006,2006,RATIO,Ratio,0,Units,,,126.45,,
1,Country,DNK,Denmark,POP_DEN,Population density (pop. per km2),T,Total,ALL,All regions,2007,2007,RATIO,Ratio,0,Units,,,126.91,,
1,Country,DNK,Denmark,POP_DEN,Population density (pop. per km2),T,Total,ALL,All regions,2008,2008,RATIO,Ratio,0,Units,,,127.58,,
1,Country,DNK,Denmark,POP_DEN,Population density (pop. per km2),T,Total,ALL,All regions,2009,2009,RATIO,Ratio,0,Units,,,128.41,,
1,Country,DNK,Denmark,POP_DEN,Population density (pop. per km2),T,Total,ALL,All regions,2010,2010,RATIO,Ratio,0,Units,,,128.95,,
1,Country,DNK,Denmark,POP_DEN,Population density (pop. per km2),T,Total,ALL,All regions,2011,2011,RATIO,Ratio,0,Units,,,129.55,,
1,Country,DNK,Denmark,POP_DEN,Population density (pop. per km2),T,Total,ALL,All regions,2012,2012,RATIO,Ratio,0,Units,,,130.02,,
1,Country,DNK,Denmark,POP_DEN,Population density (pop. per km2),T,Total,ALL,All regions,2013,2013,RATIO,Ratio,0,Units,,,130.53,,
1,Country,DNK,Denmark,POP_DEN,Population density (pop. per km2),T,Total,ALL,All regions,2014,2014,RATIO,Ratio,0,Units,,,131.11,,
1,Country,EST,Estonia,POP_DEN,Population density (pop. per km2),T,Total,ALL,All regions,2000,2000,RATIO,Ratio,0,Units,,,32.26,,
1,Country,EST,Estonia,POP_DEN,Population density (pop. per km2),T,Total,ALL,All regions,2001,2001,RATIO,Ratio,0,Units,,,32.07,,
1,Country,EST,Estonia,POP_DEN,Population density (pop. per km2),T,Total,ALL,All regions,2002,2002,RATIO,Ratio,0,Units,,,31.85,,
1,Country,EST,Estonia,POP_DEN,Population density (pop. per km2),T,Total,ALL,All regions,2003,2003,RATIO,Ratio,0,Units,,,31.66,,
1,Country,EST,Estonia,POP_DEN,Population density (pop. per km2),T,Total,ALL,All regions,2004,2004,RATIO,Ratio,0,Units,,,31.46,,
1,Country,EST,Estonia,POP_DEN,Population density (pop. per km2),T,Total,ALL,All regions,2005,2005,RATIO,Ratio,0,Units,,,31.29,,
1,Country,EST,Estonia,POP_DEN,Population density (pop. per km2),T,Total,ALL,All regions,2006,2006,RATIO,Ratio,0,Units,,,31.1,,
1,Country,EST,Estonia,POP_DEN,Population density (pop. per km2),T,Total,ALL,All regions,2007,2007,RATIO,Ratio,0,Units,,,30.92,,
1,Country,EST,Estonia,POP_DEN,Population density (pop. per km2),T,Total,ALL,All regions,2008,2008,RATIO,Ratio,0,Units,,,30.82,,
1,Country,EST,Estonia,POP_DEN,Population density (pop. per km2),T,Total,ALL,All regions,2009,2009,RATIO,Ratio,0,Units,,,30.75,,
1,Country,EST,Estonia,POP_DEN,Population density (pop. per km2),T,Total,ALL,All regions,2010,2010,RATIO,Ratio,0,Units,,,30.7,,
1,Country,EST,Estonia,POP_DEN,Population density (pop. per km2),T,Total,ALL,All regions,2011,2011,RATIO,Ratio,0,Units,,,30.61,,
1,Country,EST,Estonia,POP_DEN,Population density (pop. per km2),T,Total,ALL,All regions,2012,2012,RATIO,Ratio,0,Units,,,30.51,,
1,Country,EST,Estonia,POP_DEN,Population density (pop. per km2),T,Total,ALL,All regions,2013,2013,RATIO,Ratio,0,Units,,,30.4,,
1,Country,EST,Estonia,POP_DEN,Population density (pop. per km2),T,Total,ALL,All regions,2014,2014,RATIO,Ratio,0,Units,,,30.3,,
1,Country,FIN,Finland,POP_DEN,Population density (pop. per km2),T,Total,ALL,All regions,2000,2000,RATIO,Ratio,0,Units,,,16.98,,
1,Country,FIN,Finland,POP_DEN,Population density (pop. per km2),T,Total,ALL,All regions,2001,2001,RATIO,Ratio,0,Units,,,17.01,,
1,Country,FIN,Finland,POP_DEN,Population density (pop. per km2),T,Total,ALL,All regions,2002,2002,RATIO,Ratio,0,Units,,,17.06,,
1,Country,FIN,Finland,POP_DEN,Population density (pop. per km2),T,Total,ALL,All regions,2003,2003,RATIO,Ratio,0,Units,,,17.1,,
1,Country,FIN,Finland,POP_DEN,Population density (pop. per km2),T,Total,ALL,All regions,2004,2004,RATIO,Ratio,0,Units,,,17.14,,
1,Country,FIN,Finland,POP_DEN,Population density (pop. per km2),T,Total,ALL,All regions,2005,2005,RATIO,Ratio,0,Units,,,17.2,,
1,Country,FIN,Finland,POP_DEN,Population density (pop. per km2),T,Total,ALL,All regions,2006,2006,RATIO,Ratio,0,Units,,,17.28,,
1,Country,FIN,Finland,POP_DEN,Population density (pop. per km2),T,Total,ALL,All regions,2007,2007,RATIO,Ratio,0,Units,,,17.35,,
1,Country,FIN,Finland,POP_DEN,Population density (pop. per km2),T,Total,ALL,All regions,2008,2008,RATIO,Ratio,0,Units,,,17.44,,
1,Country,FIN,Finland,POP_DEN,Population density (pop. per km2),T,Total,ALL,All regions,2009,2009,RATIO,Ratio,0,Units,,,17.53,,
1,Country,FIN,Finland,POP_DEN,Population density (pop. per km2),T,Total,ALL,All regions,2010,2010,RATIO,Ratio,0,Units,,,17.61,,
1,Country,FIN,Finland,POP_DEN,Population density (pop. per km2),T,Total,ALL,All regions,2011,2011,RATIO,Ratio,0,Units,,,17.69,,
1,Country,FIN,Finland,POP_DEN,Population density (pop. per km2),T,Total,ALL,All regions,2012,2012,RATIO,Ratio,0,Units,,,17.77,,
1,Country,FIN,Finland,POP_DEN,Population density (pop. per km2),T,Total,ALL,All regions,2013,2013,RATIO,Ratio,0,Units,,,17.86,,
1,Country,FIN,Finland,POP_DEN,Population density (pop. per km2),T,Total,ALL,All regions,2014,2014,RATIO,Ratio,0,Units,,,17.94,,
1,Country,KOR,Korea,POP_DEN,Population density (pop. per km2),T,Total,ALL,All regions,2000,2000,RATIO,Ratio,0,Units,,,472.63,,
1,Country,KOR,Korea,POP_DEN,Population density (pop. per km2),T,Total,ALL,All regions,2001,2001,RATIO,Ratio,0,Units,,,476.14,,
1,Country,KOR,Korea,POP_DEN,Population density (pop. per km2),T,Total,ALL,All regions,2002,2002,RATIO,Ratio,0,Units,,,478.8,,
1,Country,KOR,Korea,POP_DEN,Population density (pop. per km2),T,Total,ALL,All regions,2003,2003,RATIO,Ratio,0,Units,,,481.52,,
1,Country,KOR,Korea,POP_DEN,Population density (pop. per km2),T,Total,ALL,All regions,2004,2004,RATIO,Ratio,0,Units,,,483.43,,
1,Country,KOR,Korea,POP_DEN,Population density (pop. per km2),T,Total,ALL,All regions,2005,2005,RATIO,Ratio,0,Units,,,484.46,,
1,Country,KOR,Korea,POP_DEN,Population density (pop. per km2),T,Total,ALL,All regions,2006,2006,RATIO,Ratio,0,Units,,,487.01,,
1,Country,KOR,Korea,POP_DEN,Population density (pop. per km2),T,Total,ALL,All regions,2007,2007,RATIO,Ratio,0,Units,,,489.47,,
1,Country,KOR,Korea,POP_DEN,Population density (pop. per km2),T,Total,ALL,All regions,2008,2008,RATIO,Ratio,0,Units,,,493.21,,
1,Country,KOR,Korea,POP_DEN,Population density (pop. per km2),T,Total,ALL,All regions,2009,2009,RATIO,Ratio,0,Units,,,495.75,,
1,Country,KOR,Korea,POP_DEN,Population density (pop. per km2),T,Total,ALL,All regions,2010,2010,RATIO,Ratio,0,Units,,,498.23,,
1,Country,KOR,Korea,POP_DEN,Population density (pop. per km2),T,Total,ALL,All regions,2011,2011,RATIO,Ratio,0,Units,,,502.07,,
1,Country,KOR,Korea,POP_DEN,Population density (pop. per km2),T,Total,ALL,All regions,2012,2012,RATIO,Ratio,0,Units,,,504.72,,
1,Country,KOR,Korea,POP_DEN,Population density (pop. per km2),T,Total,ALL,All regions,2013,2013,RATIO,Ratio,0,Units,,,507.02,,
1,Country,KOR,Korea,POP_DEN,Population density (pop. per km2),T,Total,ALL,All regions,2014,2014,RATIO,Ratio,0,Units,,,510.22,,
1,Country,LUX,Luxembourg,POP_DEN,Population density (pop. per km2),T,Total,ALL,All regions,2000,2000,RATIO,Ratio,0,Units,,,167.67,,
1,Country,LUX,Luxembourg,POP_DEN,Population density (pop. per km2),T,Total,ALL,All regions,2001,2001,RATIO,Ratio,0,Units,,,169.76,,
1,Country,LUX,Luxembourg,POP_DEN,Population density (pop. per km2),T,Total,ALL,All regions,2002,2002,RATIO,Ratio,0,Units,,,171.71,,
1,Country,LUX,Luxembourg,POP_DEN,Population density (pop. per km2),T,Total,ALL,All regions,2003,2003,RATIO,Ratio,0,Units,,,173.36,,
1,Country,LUX,Luxembourg,POP_DEN,Population density (pop. per km2),T,Total,ALL,All regions,2004,2004,RATIO,Ratio,0,Units,,,175.93,,
1,Country,LUX,Luxembourg,POP_DEN,Population density (pop. per km2),T,Total,ALL,All regions,2005,2005,RATIO,Ratio,0,Units,,,178.36,,
1,Country,LUX,Luxembourg,POP_DEN,Population density (pop. per km2),T,Total,ALL,All regions,2006,2006,RATIO,Ratio,0,Units,,,181.39,,
1,Country,LUX,Luxembourg,POP_DEN,Population density (pop. per km2),T,Total,ALL,All regions,2007,2007,RATIO,Ratio,0,Units,,,184.14,,
1,Country,LUX,Luxembourg,POP_DEN,Population density (pop. per km2),T,Total,ALL,All regions,2008,2008,RATIO,Ratio,0,Units,,,187.08,,
1,Country,LUX,Luxembourg,POP_DEN,Population density (pop. per km2),T,Total,ALL,All regions,2009,2009,RATIO,Ratio,0,Units,,,190.84,,
1,Country,LUX,Luxembourg,POP_DEN,Population density (pop. per km2),T,Total,ALL,All regions,2010,2010,RATIO,Ratio,0,Units,,,194.15,,
1,Country,LUX,Luxembourg,POP_DEN,Population density (pop. per km2),T,Total,ALL,All regions,2011,2011,RATIO,Ratio,0,Units,,,197.93,,
1,Country,LUX,Luxembourg,POP_DEN,Population density (pop. per km2),T,Total,ALL,All regions,2012,2012,RATIO,Ratio,0,Units,,,202.96,,
1,Country,LUX,Luxembourg,POP_DEN,Population density (pop. per km2),T,Total,ALL,All regions,2013,2013,RATIO,Ratio,0,Units,,,207.67,,
1,Country,LUX,Luxembourg,POP_DEN,Population density (pop. per km2),T,Total,ALL,All regions,2014,2014,RATIO,Ratio,0,Units,,,212.56,,
1,Country,MEX,Mexico,POP_DEN,Population density (pop. per km2),T,Total,ALL,All regions,2000,2000,RATIO,Ratio,0,Units,,,51.5,,
1,Country,MEX,Mexico,POP_DEN,Population density (pop. per km2),T,Total,ALL,All regions,2001,2001,RATIO,Ratio,0,Units,,,52.12,,
1,Country,MEX,Mexico,POP_DEN,Population density (pop. per km2),T,Total,ALL,All regions,2002,2002,RATIO,Ratio,0,Units,,,52.78,,
1,Country,MEX,Mexico,POP_DEN,Population density (pop. per km2),T,Total,ALL,All regions,2003,2003,RATIO,Ratio,0,Units,,,53.45,,
1,Country,MEX,Mexico,POP_DEN,Population density (pop. per km2),T,Total,ALL,All regions,2004,2004,RATIO,Ratio,0,Units,,,54.08,,
1,Country,MEX,Mexico,POP_DEN,Population density (pop. per km2),T,Total,ALL,All regions,2005,2005,RATIO,Ratio,0,Units,,,54.69,,
1,Country,MEX,Mexico,POP_DEN,Population density (pop. per km2),T,Total,ALL,All regions,2006,2006,RATIO,Ratio,0,Units,,,55.33,,
1,Country,MEX,Mexico,POP_DEN,Population density (pop. per km2),T,Total,ALL,All regions,2007,2007,RATIO,Ratio,0,Units,,,56.04,,
1,Country,MEX,Mexico,POP_DEN,Population density (pop. per km2),T,Total,ALL,All regions,2008,2008,RATIO,Ratio,0,Units,,,56.81,,
1,Country,MEX,Mexico,POP_DEN,Population density (pop. per km2),T,Total,ALL,All regions,2009,2009,RATIO,Ratio,0,Units,,,57.6,,
1,Country,MEX,Mexico,POP_DEN,Population density (pop. per km2),T,Total,ALL,All regions,2010,2010,RATIO,Ratio,0,Units,,,58.32,,
1,Country,MEX,Mexico,POP_DEN,Population density (pop. per km2),T,Total,ALL,All regions,2011,2011,RATIO,Ratio,0,Units,,,59.04,,
1,Country,MEX,Mexico,POP_DEN,Population density (pop. per km2),T,Total,ALL,All regions,2012,2012,RATIO,Ratio,0,Units,,,59.74,,
1,Country,MEX,Mexico,POP_DEN,Population density (pop. per km2),T,Total,ALL,All regions,2013,2013,RATIO,Ratio,0,Units,,,60.43,,
1,Country,MEX,Mexico,POP_DEN,Population density (pop. per km2),T,Total,ALL,All regions,2014,2014,RATIO,Ratio,0,Units,,,61.1,,
1,Country,SWE,Sweden,POP_DEN,Population density (pop. per km2),T,Total,ALL,All regions,2000,2000,RATIO,Ratio,0,Units,,,21.6,,
1,Country,SWE,Sweden,POP_DEN,Population density (pop. per km2),T,Total,ALL,All regions,2001,2001,RATIO,Ratio,0,Units,,,21.65,,
1,Country,SWE,Sweden,POP_DEN,Population density (pop. per km2),T,Total,ALL,All regions,2002,2002,RATIO,Ratio,0,Units,,,21.71,,
1,Country,SWE,Sweden,POP_DEN,Population density (pop. per km2),T,Total,ALL,All regions,2003,2003,RATIO,Ratio,0,Units,,,21.79,,
1,Country,SWE,Sweden,POP_DEN,Population density (pop. per km2),T,Total,ALL,All regions,2004,2004,RATIO,Ratio,0,Units,,,21.87,,
1,Country,SWE,Sweden,POP_DEN,Population density (pop. per km2),T,Total,ALL,All regions,2005,2005,RATIO,Ratio,0,Units,,,21.96,,
1,Country,SWE,Sweden,POP_DEN,Population density (pop. per km2),T,Total,ALL,All regions,2006,2006,RATIO,Ratio,0,Units,,,22.05,,
1,Country,SWE,Sweden,POP_DEN,Population density (pop. per km2),T,Total,ALL,All regions,2007,2007,RATIO,Ratio,0,Units,,,22.21,,
1,Country,SWE,Sweden,POP_DEN,Population density (pop. per km2),T,Total,ALL,All regions,2008,2008,RATIO,Ratio,0,Units,,,22.38,,
1,Country,SWE,Sweden,POP_DEN,Population density (pop. per km2),T,Total,ALL,All regions,2009,2009,RATIO,Ratio,0,Units,,,22.56,,
1,Country,SWE,Sweden,POP_DEN,Population density (pop. per km2),T,Total,ALL,All regions,2010,2010,RATIO,Ratio,0,Units,,,22.76,,
1,Country,SWE,Sweden,POP_DEN,Population density (pop. per km2),T,Total,ALL,All regions,2011,2011,RATIO,Ratio,0,Units,,,22.95,,
1,Country,SWE,Sweden,POP_DEN,Population density (pop. per km2),T,Total,ALL,All regions,2012,2012,RATIO,Ratio,0,Units,,,23.28,,
1,Country,SWE,Sweden,POP_DEN,Population density (pop. per km2),T,Total,ALL,All regions,2013,2013,RATIO,Ratio,0,Units,,,23.46,,
1,Country,SWE,Sweden,POP_DEN,Population density (pop. per km2),T,Total,ALL,All regions,2014,2014,RATIO,Ratio,0,Units,,,23.68,,
1,Country,SWE,Sweden,POP_DEN,Population density (pop. per km2),T,Total,ALL,All regions,2015,2015,RATIO,Ratio,0,Units,,,23.93,,
1,Country,CHE,Switzerland,POP_DEN,Population density (pop. per km2),T,Total,ALL,All regions,2000,2000,RATIO,Ratio,0,Units,,,179.13,,
1,Country,CHE,Switzerland,POP_DEN,Population density (pop. per km2),T,Total,ALL,All regions,2001,2001,RATIO,Ratio,0,Units,,,180.12,,
1,Country,CHE,Switzerland,POP_DEN,Population density (pop. per km2),T,Total,ALL,All regions,2002,2002,RATIO,Ratio,0,Units,,,181.41,,
1,Country,CHE,Switzerland,POP_DEN,Population density (pop. per km2),T,Total,ALL,All regions,2003,2003,RATIO,Ratio,0,Units,,,182.87,,
1,Country,CHE,Switzerland,POP_DEN,Population density (pop. per km2),T,Total,ALL,All regions,2004,2004,RATIO,Ratio,0,Units,,,184.12,,
1,Country,CHE,Switzerland,POP_DEN,Population density (pop. per km2),T,Total,ALL,All regions,2005,2005,RATIO,Ratio,0,Units,,,185.4,,
1,Country,CHE,Switzerland,POP_DEN,Population density (pop. per km2),T,Total,ALL,All regions,2006,2006,RATIO,Ratio,0,Units,,,186.5,,
1,Country,CHE,Switzerland,POP_DEN,Population density (pop. per km2),T,Total,ALL,All regions,2007,2007,RATIO,Ratio,0,Units,,,187.74,,
1,Country,CHE,Switzerland,POP_DEN,Population density (pop. per km2),T,Total,ALL,All regions,2008,2008,RATIO,Ratio,0,Units,,,189.86,,
1,Country,CHE,Switzerland,POP_DEN,Population density (pop. per km2),T,Total,ALL,All regions,2009,2009,RATIO,Ratio,0,Units,,,192.57,,
1,Country,CHE,Switzerland,POP_DEN,Population density (pop. per km2),T,Total,ALL,All regions,2010,2010,RATIO,Ratio,0,Units,,,194.66,,
1,Country,CHE,Switzerland,POP_DEN,Population density (pop. per km2),T,Total,ALL,All regions,2011,2011,RATIO,Ratio,0,Units,,,196.77,B,Break
1,Country,CHE,Switzerland,POP_DEN,Population density (pop. per km2),T,Total,ALL,All regions,2012,2012,RATIO,Ratio,0,Units,,,198.89,,
1,Country,CHE,Switzerland,POP_DEN,Population density (pop. per km2),T,Total,ALL,All regions,2013,2013,RATIO,Ratio,0,Units,,,201,,
1,Country,CHE,Switzerland,POP_DEN,Population density (pop. per km2),T,Total,ALL,All regions,2014,2014,RATIO,Ratio,0,Units,,,203.51,,
1,Country,TUR,Turkey,POP_DEN,Population density (pop. per km2),T,Total,ALL,All regions,2001,2001,RATIO,Ratio,0,Units,,,88.22,,
1,Country,TUR,Turkey,POP_DEN,Population density (pop. per km2),T,Total,ALL,All regions,2002,2002,RATIO,Ratio,0,Units,,,89.45,,
1,Country,TUR,Turkey,POP_DEN,Population density (pop. per km2),T,Total,ALL,All regions,2003,2003,RATIO,Ratio,0,Units,,,90.66,,
1,Country,TUR,Turkey,POP_DEN,Population density (pop. per km2),T,Total,ALL,All regions,2004,2004,RATIO,Ratio,0,Units,,,91.86,,
1,Country,TUR,Turkey,POP_DEN,Population density (pop. per km2),T,Total,ALL,All regions,2005,2005,RATIO,Ratio,0,Units,,,93.05,,
1,Country,TUR,Turkey,POP_DEN,Population density (pop. per km2),T,Total,ALL,All regions,2006,2006,RATIO,Ratio,0,Units,,,94.23,,
1,Country,TUR,Turkey,POP_DEN,Population density (pop. per km2),T,Total,ALL,All regions,2007,2007,RATIO,Ratio,0,Units,,,90.55,,
1,Country,TUR,Turkey,POP_DEN,Population density (pop. per km2),T,Total,ALL,All regions,2008,2008,RATIO,Ratio,0,Units,,,91.72,,
1,Country,TUR,Turkey,POP_DEN,Population density (pop. per km2),T,Total,ALL,All regions,2009,2009,RATIO,Ratio,0,Units,,,92.93,,
1,Country,TUR,Turkey,POP_DEN,Population density (pop. per km2),T,Total,ALL,All regions,2010,2010,RATIO,Ratio,0,Units,,,94.28,,
1,Country,TUR,Turkey,POP_DEN,Population density (pop. per km2),T,Total,ALL,All regions,2011,2011,RATIO,Ratio,0,Units,,,95.79,,
1,Country,TUR,Turkey,POP_DEN,Population density (pop. per km2),T,Total,ALL,All regions,2012,2012,RATIO,Ratio,0,Units,,,97.09,,
1,Country,TUR,Turkey,POP_DEN,Population density (pop. per km2),T,Total,ALL,All regions,2013,2013,RATIO,Ratio,0,Units,,,98.27,,
1,Country,TUR,Turkey,POP_DEN,Population density (pop. per km2),T,Total,ALL,All regions,2014,2014,RATIO,Ratio,0,Units,,,99.62,,
1,Country,TUR,Turkey,POP_DEN,Population density (pop. per km2),T,Total,ALL,All regions,2015,2015,RATIO,Ratio,0,Units,,,100.96,,
1,Country,JPN,Japan,POP_DEN,Population density (pop. per km2),T,Total,ALL,All regions,2014,2014,RATIO,Ratio,0,Units,,,340.22,E,Estimated value
1,Country,AUS,Australia,POP_DEN,Population density (pop. per km2),T,Total,ALL,All regions,2015,2015,RATIO,Ratio,0,Units,,,3.09,,
1,Country,AUT,Austria,POP_DEN,Population density (pop. per km2),T,Total,ALL,All regions,2015,2015,RATIO,Ratio,0,Units,,,104.17,,
1,Country,BEL,Belgium,POP_DEN,Population density (pop. per km2),T,Total,ALL,All regions,2015,2015,RATIO,Ratio,0,Units,,,370.55,,
1,Country,CAN,Canada,POP_DEN,Population density (pop. per km2),T,Total,ALL,All regions,2015,2015,RATIO,Ratio,0,Units,,,3.94,,
1,Country,FRA,France,POP_DEN,Population density (pop. per km2),T,Total,ALL,All regions,2015,2015,RATIO,Ratio,0,Units,,,104.96,P,Provisional value
1,Country,DEU,Germany,POP_DEN,Population density (pop. per km2),T,Total,ALL,All regions,2015,2015,RATIO,Ratio,0,Units,,,227.2,,
1,Country,GBR,United Kingdom,POP_DEN,Population density (pop. per km2),T,Total,ALL,All regions,2015,2015,RATIO,Ratio,0,Units,,,267.51,E,Estimated value
1,Country,LVA,Latvia,POP_DEN,Population density (pop. per km2),T,Total,ALL,All regions,2015,2015,RATIO,Ratio,0,Units,,,31.93,,
1,Country,LTU,Lithuania,POP_DEN,Population density (pop. per km2),T,Total,ALL,All regions,2015,2015,RATIO,Ratio,0,Units,,,46.63,,
1,Country,GRC,Greece,POP_DEN,Population density (pop. per km2),T,Total,ALL,All regions,2015,2015,RATIO,Ratio,0,Units,,,83,,
1,Country,HUN,Hungary,POP_DEN,Population density (pop. per km2),T,Total,ALL,All regions,2015,2015,RATIO,Ratio,0,Units,,,105.94,,
1,Country,IRL,Ireland,POP_DEN,Population density (pop. per km2),T,Total,ALL,All regions,2015,2015,RATIO,Ratio,0,Units,,,68.39,,
1,Country,NLD,Netherlands,POP_DEN,Population density (pop. per km2),T,Total,ALL,All regions,2015,2015,RATIO,Ratio,0,Units,,,501.68,,
1,Country,NOR,Norway,POP_DEN,Population density (pop. per km2),T,Total,ALL,All regions,2015,2015,RATIO,Ratio,0,Units,,,16.98,,
1,Country,POL,Poland,POP_DEN,Population density (pop. per km2),T,Total,ALL,All regions,2015,2015,RATIO,Ratio,0,Units,,,124.12,,
1,Country,USA,United States,POP_DEN,Population density (pop. per km2),T,Total,ALL,All regions,2015,2015,RATIO,Ratio,0,Units,,,35.03,,
1,Country,ISR,Israel,POP_DEN,Population density (pop. per km2),T,Total,ALL,All regions,2015,2015,RATIO,Ratio,0,Units,,,383.36,,
1,Country,ITA,Italy,POP_DEN,Population density (pop. per km2),T,Total,ALL,All regions,2015,2015,RATIO,Ratio,0,Units,,,206.01,,
1,Country,PRT,Portugal,POP_DEN,Population density (pop. per km2),T,Total,ALL,All regions,2015,2015,RATIO,Ratio,0,Units,,,112.49,E,Estimated value
1,Country,SVK,Slovak Republic,POP_DEN,Population density (pop. per km2),T,Total,ALL,All regions,2015,2015,RATIO,Ratio,0,Units,,,110.56,,
1,Country,SVN,Slovenia,POP_DEN,Population density (pop. per km2),T,Total,ALL,All regions,2015,2015,RATIO,Ratio,0,Units,,,102.4,,
1,Country,ESP,Spain,POP_DEN,Population density (pop. per km2),T,Total,ALL,All regions,2015,2015,RATIO,Ratio,0,Units,,,92.48,,
1,Country,CHL,Chile,POP_DEN,Population density (pop. per km2),T,Total,ALL,All regions,2015,2015,RATIO,Ratio,0,Units,,,24.32,,
1,Country,CZE,Czech Republic,POP_DEN,Population density (pop. per km2),T,Total,ALL,All regions,2015,2015,RATIO,Ratio,0,Units,,,136.47,,
1,Country,DNK,Denmark,POP_DEN,Population density (pop. per km2),T,Total,ALL,All regions,2015,2015,RATIO,Ratio,0,Units,,,131.85,,
1,Country,EST,Estonia,POP_DEN,Population density (pop. per km2),T,Total,ALL,All regions,2015,2015,RATIO,Ratio,0,Units,,,30.27,B,Break
1,Country,FIN,Finland,POP_DEN,Population density (pop. per km2),T,Total,ALL,All regions,2015,2015,RATIO,Ratio,0,Units,,,18.01,,
1,Country,KOR,Korea,POP_DEN,Population density (pop. per km2),T,Total,ALL,All regions,2015,2015,RATIO,Ratio,0,Units,,,512.91,,
1,Country,LUX,Luxembourg,POP_DEN,Population density (pop. per km2),T,Total,ALL,All regions,2015,2015,RATIO,Ratio,0,Units,,,217.69,,
1,Country,CHE,Switzerland,POP_DEN,Population density (pop. per km2),T,Total,ALL,All regions,2015,2015,RATIO,Ratio,0,Units,,,205.98,,
1,Country,TUR,Turkey,POP_DEN,Population density (pop. per km2),T,Total,ALL,All regions,2000,2000,RATIO,Ratio,0,Units,,,86.91,,
1,Country,AUS,Australia,POP_DEN,Population density (pop. per km2),T,Total,ALL,All regions,2016,2016,RATIO,Ratio,0,Units,,,3.13,,
1,Country,AUT,Austria,POP_DEN,Population density (pop. per km2),T,Total,ALL,All regions,2016,2016,RATIO,Ratio,0,Units,,,105.58,,
1,Country,BEL,Belgium,POP_DEN,Population density (pop. per km2),T,Total,ALL,All regions,2016,2016,RATIO,Ratio,0,Units,,,372.98,,
1,Country,FRA,France,POP_DEN,Population density (pop. per km2),T,Total,ALL,All regions,2016,2016,RATIO,Ratio,0,Units,,,105.39,P,Provisional value
1,Country,DEU,Germany,POP_DEN,Population density (pop. per km2),T,Total,ALL,All regions,2016,2016,RATIO,Ratio,0,Units,,,229.94,,
1,Country,LVA,Latvia,POP_DEN,Population density (pop. per km2),T,Total,ALL,All regions,2016,2016,RATIO,Ratio,0,Units,,,31.65,,
1,Country,LTU,Lithuania,POP_DEN,Population density (pop. per km2),T,Total,ALL,All regions,2016,2016,RATIO,Ratio,0,Units,,,46.11,,
1,Country,HUN,Hungary,POP_DEN,Population density (pop. per km2),T,Total,ALL,All regions,2016,2016,RATIO,Ratio,0,Units,,,105.67,,
1,Country,ISL,Iceland,POP_DEN,Population density (pop. per km2),T,Total,ALL,All regions,2016,2016,RATIO,Ratio,0,Units,,,3.32,,
1,Country,IRL,Ireland,POP_DEN,Population density (pop. per km2),T,Total,ALL,All regions,2016,2016,RATIO,Ratio,0,Units,,,69.1,,
1,Country,NLD,Netherlands,POP_DEN,Population density (pop. per km2),T,Total,ALL,All regions,2016,2016,RATIO,Ratio,0,Units,,,504.01,,
1,Country,NOR,Norway,POP_DEN,Population density (pop. per km2),T,Total,ALL,All regions,2016,2016,RATIO,Ratio,0,Units,,,17.13,,
1,Country,ITA,Italy,POP_DEN,Population density (pop. per km2),T,Total,ALL,All regions,2016,2016,RATIO,Ratio,0,Units,,,205.57,,
1,Country,DNK,Denmark,POP_DEN,Population density (pop. per km2),T,Total,ALL,All regions,2016,2016,RATIO,Ratio,0,Units,,,132.96,,
1,Country,LUX,Luxembourg,POP_DEN,Population density (pop. per km2),T,Total,ALL,All regions,2016,2016,RATIO,Ratio,0,Units,,,222.83,,
1,Country,TUR,Turkey,POP_DEN,Population density (pop. per km2),T,Total,ALL,All regions,2016,2016,RATIO,Ratio,0,Units,,,102.31,,
1,Country,GBR,United Kingdom,POP_DEN,Population density (pop. per km2),T,Total,ALL,All regions,2016,2016,RATIO,Ratio,0,Units,,,269.6,E,Estimated value
1,Country,ESP,Spain,POP_DEN,Population density (pop. per km2),T,Total,ALL,All regions,2016,2016,RATIO,Ratio,0,Units,,,92.46,,
1,Country,CZE,Czech Republic,POP_DEN,Population density (pop. per km2),T,Total,ALL,All regions,2016,2016,RATIO,Ratio,0,Units,,,136.67,,
1,Country,CAN,Canada,POP_DEN,Population density (pop. per km2),T,Total,ALL,All regions,2016,2016,RATIO,Ratio,0,Units,,,3.99,,
1,Country,POL,Poland,POP_DEN,Population density (pop. per km2),T,Total,ALL,All regions,2016,2016,RATIO,Ratio,0,Units,,,124,,
1,Country,FIN,Finland,POP_DEN,Population density (pop. per km2),T,Total,ALL,All regions,2016,2016,RATIO,Ratio,0,Units,,,18.06,,
1,Country,PRT,Portugal,POP_DEN,Population density (pop. per km2),T,Total,ALL,All regions,2016,2016,RATIO,Ratio,0,Units,,,112.13,E,Estimated value
1,Country,SVK,Slovak Republic,POP_DEN,Population density (pop. per km2),T,Total,ALL,All regions,2016,2016,RATIO,Ratio,0,Units,,,110.66,,
1,Country,SVN,Slovenia,POP_DEN,Population density (pop. per km2),T,Total,ALL,All regions,2016,2016,RATIO,Ratio,0,Units,,,102.47,,
1,Country,EST,Estonia,POP_DEN,Population density (pop. per km2),T,Total,ALL,All regions,2016,2016,RATIO,Ratio,0,Units,,,30.3,,
1,Country,CHE,Switzerland,POP_DEN,Population density (pop. per km2),T,Total,ALL,All regions,2016,2016,RATIO,Ratio,0,Units,,,208.21,,
1,Country,GRC,Greece,POP_DEN,Population density (pop. per km2),T,Total,ALL,All regions,2016,2016,RATIO,Ratio,0,Units,,,82.43,,
1,Country,SWE,Sweden,POP_DEN,Population density (pop. per km2),T,Total,ALL,All regions,2016,2016,RATIO,Ratio,0,Units,,,24.18,,
1,Country,USA,United States,POP_DEN,Population density (pop. per km2),T,Total,ALL,All regions,2016,2016,RATIO,Ratio,0,Units,,,35.27,,
1,Country,ISR,Israel,POP_DEN,Population density (pop. per km2),T,Total,ALL,All regions,2016,2016,RATIO,Ratio,0,Units,,,391.05,,
1,Country,JPN,Japan,POP_DEN,Population density (pop. per km2),T,Total,ALL,All regions,2015,2015,RATIO,Ratio,0,Units,,,340.25,,
1,Country,JPN,Japan,POP_DEN,Population density (pop. per km2),T,Total,ALL,All regions,2016,2016,RATIO,Ratio,0,Units,,,339.82,,
1,Country,CHL,Chile,POP_DEN,Population density (pop. per km2),T,Total,ALL,All regions,2016,2016,RATIO,Ratio,0,Units,,,24.58,,
1,Country,KOR,Korea,POP_DEN,Population density (pop. per km2),T,Total,ALL,All regions,2016,2016,RATIO,Ratio,0,Units,,,515.23,,
1,Country,MEX,Mexico,POP_DEN,Population density (pop. per km2),T,Total,ALL,All regions,2015,2015,RATIO,Ratio,0,Units,,,61.76,,
1,Country,MEX,Mexico,POP_DEN,Population density (pop. per km2),T,Total,ALL,All regions,2016,2016,RATIO,Ratio,0,Units,,,62.41,,
1,Country,TUN,Tunisia,POP_DEN,Population density (pop. per km2),T,Total,ALL,All regions,2005,2005,RATIO,Ratio,0,Units,,,64.83,,
1,Country,TUN,Tunisia,POP_DEN,Population density (pop. per km2),T,Total,ALL,All regions,2008,2008,RATIO,Ratio,0,Units,,,66.76,,
1,Country,TUN,Tunisia,POP_DEN,Population density (pop. per km2),T,Total,ALL,All regions,2009,2009,RATIO,Ratio,0,Units,,,67.6,,
1,Country,TUN,Tunisia,POP_DEN,Population density (pop. per km2),T,Total,ALL,All regions,2012,2012,RATIO,Ratio,0,Units,,,69.71,,
1,Country,TUN,Tunisia,POP_DEN,Population density (pop. per km2),T,Total,ALL,All regions,2016,2016,RATIO,Ratio,0,Units,,,73.07,,
1,Country,TUN,Tunisia,POP_DEN,Population density (pop. per km2),T,Total,ALL,All regions,2015,2015,RATIO,Ratio,0,Units,,,72.1,,
1,Country,TUN,Tunisia,POP_DEN,Population density (pop. per km2),T,Total,ALL,All regions,2006,2006,RATIO,Ratio,0,Units,,,65.47,,
1,Country,TUN,Tunisia,POP_DEN,Population density (pop. per km2),T,Total,ALL,All regions,2007,2007,RATIO,Ratio,0,Units,,,66.1,,
1,Country,TUN,Tunisia,POP_DEN,Population density (pop. per km2),T,Total,ALL,All regions,2013,2013,RATIO,Ratio,0,Units,,,70.43,,
1,Country,TUN,Tunisia,POP_DEN,Population density (pop. per km2),T,Total,ALL,All regions,2014,2014,RATIO,Ratio,0,Units,,,70.99,,
1,Country,TUN,Tunisia,POP_DEN,Population density (pop. per km2),T,Total,ALL,All regions,2010,2010,RATIO,Ratio,0,Units,,,68.3,,
1,Country,TUN,Tunisia,POP_DEN,Population density (pop. per km2),T,Total,ALL,All regions,2011,2011,RATIO,Ratio,0,Units,,,69,,
1,Country,AUT,Austria,POP_DEN,Population density (pop. per km2),T,Total,ALL,All regions,2017,2017,RATIO,Ratio,0,Units,,,106.46,,
1,Country,BEL,Belgium,POP_DEN,Population density (pop. per km2),T,Total,ALL,All regions,2017,2017,RATIO,Ratio,0,Units,,,374.32,,
1,Country,FRA,France,POP_DEN,Population density (pop. per km2),T,Total,ALL,All regions,2017,2017,RATIO,Ratio,0,Units,,,105.8,P,Provisional value
1,Country,DEU,Germany,POP_DEN,Population density (pop. per km2),T,Total,ALL,All regions,2017,2017,RATIO,Ratio,0,Units,,,230.91,,
1,Country,GBR,United Kingdom,POP_DEN,Population density (pop. per km2),T,Total,ALL,All regions,2017,2017,RATIO,Ratio,0,Units,,,271.36,,
1,Country,LVA,Latvia,POP_DEN,Population density (pop. per km2),T,Total,ALL,All regions,2017,2017,RATIO,Ratio,0,Units,,,31.35,,
1,Country,LTU,Lithuania,POP_DEN,Population density (pop. per km2),T,Total,ALL,All regions,2017,2017,RATIO,Ratio,0,Units,,,45.46,,
1,Country,GRC,Greece,POP_DEN,Population density (pop. per km2),T,Total,ALL,All regions,2017,2017,RATIO,Ratio,0,Units,,,82.31,,
1,Country,HUN,Hungary,POP_DEN,Population density (pop. per km2),T,Total,ALL,All regions,2017,2017,RATIO,Ratio,0,Units,,,105.32,,
1,Country,ISL,Iceland,POP_DEN,Population density (pop. per km2),T,Total,ALL,All regions,2017,2017,RATIO,Ratio,0,Units,,,3.38,,
1,Country,IRL,Ireland,POP_DEN,Population density (pop. per km2),T,Total,ALL,All regions,2017,2017,RATIO,Ratio,0,Units,,,69.95,,
1,Country,NLD,Netherlands,POP_DEN,Population density (pop. per km2),T,Total,ALL,All regions,2017,2017,RATIO,Ratio,0,Units,,,507.05,,
1,Country,NOR,Norway,POP_DEN,Population density (pop. per km2),T,Total,ALL,All regions,2017,2017,RATIO,Ratio,0,Units,,,17.28,,
1,Country,POL,Poland,POP_DEN,Population density (pop. per km2),T,Total,ALL,All regions,2017,2017,RATIO,Ratio,0,Units,,,124.02,,
1,Country,ISR,Israel,POP_DEN,Population density (pop. per km2),T,Total,ALL,All regions,2017,2017,RATIO,Ratio,0,Units,,,398.68,,
1,Country,ITA,Italy,POP_DEN,Population density (pop. per km2),T,Total,ALL,All regions,2017,2017,RATIO,Ratio,0,Units,,,205.31,,
1,Country,PRT,Portugal,POP_DEN,Population density (pop. per km2),T,Total,ALL,All regions,2017,2017,RATIO,Ratio,0,Units,,,111.79,,
1,Country,SVK,Slovak Republic,POP_DEN,Population density (pop. per km2),T,Total,ALL,All regions,2017,2017,RATIO,Ratio,0,Units,,,110.84,,
1,Country,SVN,Slovenia,POP_DEN,Population density (pop. per km2),T,Total,ALL,All regions,2017,2017,RATIO,Ratio,0,Units,,,102.55,,
1,Country,ESP,Spain,POP_DEN,Population density (pop. per km2),T,Total,ALL,All regions,2017,2017,RATIO,Ratio,0,Units,,,92.63,,
1,Country,CHL,Chile,POP_DEN,Population density (pop. per km2),T,Total,ALL,All regions,2017,2017,RATIO,Ratio,0,Units,,,24.82,,
1,Country,CZE,Czech Republic,POP_DEN,Population density (pop. per km2),T,Total,ALL,All regions,2017,2017,RATIO,Ratio,0,Units,,,137,,
1,Country,DNK,Denmark,POP_DEN,Population density (pop. per km2),T,Total,ALL,All regions,2017,2017,RATIO,Ratio,0,Units,,,133.93,,
1,Country,EST,Estonia,POP_DEN,Population density (pop. per km2),T,Total,ALL,All regions,2017,2017,RATIO,Ratio,0,Units,,,30.29,,
1,Country,FIN,Finland,POP_DEN,Population density (pop. per km2),T,Total,ALL,All regions,2017,2017,RATIO,Ratio,0,Units,,,18.11,,
1,Country,KOR,Korea,POP_DEN,Population density (pop. per km2),T,Total,ALL,All regions,2017,2017,RATIO,Ratio,0,Units,,,512.53,,
1,Country,LUX,Luxembourg,POP_DEN,Population density (pop. per km2),T,Total,ALL,All regions,2017,2017,RATIO,Ratio,0,Units,,,228.41,B,Break
1,Country,MEX,Mexico,POP_DEN,Population density (pop. per km2),T,Total,ALL,All regions,2017,2017,RATIO,Ratio,0,Units,,,63.04,,
1,Country,SWE,Sweden,POP_DEN,Population density (pop. per km2),T,Total,ALL,All regions,2017,2017,RATIO,Ratio,0,Units,,,24.54,,
1,Country,CHE,Switzerland,POP_DEN,Population density (pop. per km2),T,Total,ALL,All regions,2017,2017,RATIO,Ratio,0,Units,,,210.53,,
1,Country,TUR,Turkey,POP_DEN,Population density (pop. per km2),T,Total,ALL,All regions,2017,2017,RATIO,Ratio,0,Units,,,103.71,,
1,Country,TUN,Tunisia,POP_DEN,Population density (pop. per km2),T,Total,ALL,All regions,2017,2017,RATIO,Ratio,0,Units,,,73.94,,
1,Country,AUS,Australia,POP_DEN,Population density (pop. per km2),T,Total,ALL,All regions,2017,2017,RATIO,Ratio,0,Units,,,3.19,,
